attempt_id,transaction_id,action,timestamp,outcome
17481a46-c084-453f-845b-7fdb7fdf8485,ccda1606-d32a-4edb-85e0-d9f999a40f25,send_payment_reminder,2026-08-30 04:16:18.963378,failure
b9659f1b-4c4b-48e1-aeb4-344123710b92,ccda1606-d32a-4edb-85e0-d9f999a40f25,use_another_payment_method,2026-08-30 08:16:18.963378,failure
7ca543a6-6515-4771-9aa9-bf841c3a5711,ccda1606-d32a-4edb-85e0-d9f999a40f25,retry_immediately,2026-09-01 08:16:18.963378,failure
b5382ad5-b557-4dac-8a1f-e26245b3f5db,aa2bfdaf-61d1-4097-80a2-f8638b6a46b2,use_another_payment_method,2026-08-30 14:16:18.963391,failure
571be1d7-c816-40b6-a87f-3c8a66588c01,26be5144-df06-4121-823d-9029413a3996,send_payment_reminder,2026-08-31 11:16:18.963428,failure
30591098-26ea-49ad-ad28-87fc3cd6632c,26be5144-df06-4121-823d-9029413a3996,send_payment_reminder,2026-09-01 06:16:18.963428,failure
9e440ac6-c899-412c-8ad3-c2795e728013,a5afe17c-85d7-4bf4-a8d5-8a452266d7d6,send_payment_reminder,2026-08-31 23:16:18.963432,failure
3bd19f49-e43a-4634-b475-28e729ef74b2,a5afe17c-85d7-4bf4-a8d5-8a452266d7d6,retry_after_delay,2026-09-01 20:16:18.963432,failure
f90aa1c8-aee6-40c2-b06f-0733575099d2,f01a94d3-2aed-4e8f-baaf-362cbdbc2201,use_another_payment_method,2026-08-30 01:16:18.963435,success
c42d89ad-1a0b-4fdb-abfd-830cab5002c6,86367896-5d18-4df1-97d6-893761c3233a,use_another_payment_method,2026-08-30 01:16:18.963439,success
d79e8e73-7c03-4049-9100-fd2c84ef34bb,cb110fef-d95f-475f-a23a-512e0c1379ab,use_another_payment_method,2026-09-01 18:16:18.963472,failure
b3d7b427-917d-41af-bb9e-2ae6e0c4ba8b,337fde1f-2767-4db1-80a1-5e817a7ed1ff,use_another_payment_method,2026-08-31 16:16:18.963475,success
5d9cbaa0-d0fe-4fdf-8151-4cff53dc195b,337fde1f-2767-4db1-80a1-5e817a7ed1ff,retry_after_delay,2026-08-31 10:16:18.963475,failure
376a25fb-4b56-4dfb-9ec6-d4f2373e02c7,337fde1f-2767-4db1-80a1-5e817a7ed1ff,send_payment_reminder,2026-08-31 20:16:18.963475,success
ff378f60-1bb8-4546-a596-2570c5344426,1a855cad-793f-4fa2-86d1-4d23d25a28a4,use_another_payment_method,2026-09-01 20:16:18.963478,success
997b387b-bbe6-4537-a092-28eb0a7c2d1f,1a855cad-793f-4fa2-86d1-4d23d25a28a4,retry_after_delay,2026-08-31 06:16:18.963478,success
3db716a5-a824-41fd-b799-569302530a9f,90ba23de-d0fa-4e4a-b33b-6cd309b4b1dc,use_another_payment_method,2026-08-31 00:16:18.963482,success
b78b1390-5707-4862-b382-d082b12b2bb8,d0561ee3-49c5-4c40-9875-bc0e1ec7991c,send_payment_reminder,2026-08-30 15:16:18.963511,failure
e180f668-7abf-4db1-9b56-95b1a425dfce,dbf4ad5d-16a0-49ae-aa20-86d54cbbbffe,send_payment_reminder,2026-08-30 11:16:18.963515,success
d1dc0e48-a0f0-4cd9-abe6-f1e4e7be8867,dbf4ad5d-16a0-49ae-aa20-86d54cbbbffe,use_another_payment_method,2026-08-31 11:16:18.963515,success
24ee4b8c-ca2e-4333-9636-12e8644db185,dbf4ad5d-16a0-49ae-aa20-86d54cbbbffe,retry_after_delay,2026-08-31 12:16:18.963515,failure
1e996c16-bc14-4ed1-ab53-1745a481b41f,10ed9643-6625-4e3d-814c-f26532cc0e6c,use_another_payment_method,2026-08-30 23:16:18.963518,failure
9a74f27e-439e-407c-a951-464929631475,10ed9643-6625-4e3d-814c-f26532cc0e6c,retry_after_delay,2026-08-31 13:16:18.963518,failure
b3f667b4-318c-4c5a-871f-6a421d9930fc,220f6677-7404-468c-88ac-9a2a60272e6c,retry_immediately,2026-08-31 13:16:18.963521,failure
2a4f5d7d-0cf3-4317-b3a4-2ca5b94a6708,220f6677-7404-468c-88ac-9a2a60272e6c,use_another_payment_method,2026-08-31 10:16:18.963521,failure
a60e6bf3-6d6b-43fb-a196-9a9e2d06d146,55f907c2-5455-4b8c-9129-103dc33fa989,use_another_payment_method,2026-08-30 04:16:18.963524,success
e60ae978-e158-4d0d-b118-c3fc59d5f372,d75829e9-c218-416c-a4aa-f0851aa5da82,use_another_payment_method,2026-09-01 18:16:18.963561,failure
ac606108-fcb9-4efe-99e7-69652c9f050e,1491009f-88f5-4350-9d77-efa85c2724c4,retry_after_delay,2026-09-01 10:16:18.963564,success
49d2275f-3321-4bd5-8513-b08410956bcb,9522e02f-abb7-4be1-babc-7139c6c1bacd,send_payment_reminder,2026-09-01 09:16:18.963567,failure
021f9b03-3cf3-4f8d-87c3-ee3ad7ef8d18,9522e02f-abb7-4be1-babc-7139c6c1bacd,retry_after_delay,2026-08-30 17:16:18.963567,failure
fbc3ab85-1288-44d8-b763-27914779f378,9522e02f-abb7-4be1-babc-7139c6c1bacd,retry_immediately,2026-09-01 16:16:18.963567,failure
8091da0c-d44a-4867-ba4e-4f76f57b728e,e8a123af-4271-4ba2-bb98-0b2262981c37,retry_after_delay,2026-08-31 17:16:18.963590,failure
8d365c07-e442-405a-b4ff-3bef57c6ae1a,f120ddff-02aa-411b-b063-7c85c3a6a916,send_payment_reminder,2026-08-31 04:16:18.963598,failure
088a3d96-e208-40aa-b79a-fb36a439b0c6,f120ddff-02aa-411b-b063-7c85c3a6a916,send_payment_reminder,2026-09-01 18:16:18.963598,success
44303119-b96d-40fa-a34e-8b7d7f7aff59,501a8372-29d8-48e6-81cb-19ce127635da,retry_after_delay,2026-09-01 01:16:18.963601,failure
3e4252f3-d56c-4ca8-832a-1e51eabfd808,501a8372-29d8-48e6-81cb-19ce127635da,send_payment_reminder,2026-08-31 11:16:18.963601,success
f8ec552a-e05e-4c93-866a-88a84a640c46,eac0eb74-d061-4735-a0a6-d9c0bda39ea7,retry_after_delay,2026-09-01 11:16:18.963619,failure
f8dc6b1f-b08a-480b-8a2d-9e06e99b800a,eac0eb74-d061-4735-a0a6-d9c0bda39ea7,retry_after_delay,2026-09-01 01:16:18.963619,failure
97c66f40-47ce-49a0-b31e-3c5aa6f9c092,779fd42d-a2f1-439a-8870-8457e6e2b50e,send_payment_reminder,2026-09-01 21:16:18.963621,success
02409aa4-8677-4ffe-a460-ddde9e998ee3,779fd42d-a2f1-439a-8870-8457e6e2b50e,use_another_payment_method,2026-08-31 01:16:18.963621,failure
0587ae28-8ccf-4e79-a473-bb3f44c967c2,779fd42d-a2f1-439a-8870-8457e6e2b50e,retry_immediately,2026-08-30 21:16:18.963621,failure
044abff0-d33d-4f92-b881-c20b9f197138,39dcc24b-f2d9-4ed4-b4c2-ae8f7c233716,retry_immediately,2026-08-30 10:16:18.963624,failure
7ad4d502-44c0-436c-b79a-93a8e367e9ec,39dcc24b-f2d9-4ed4-b4c2-ae8f7c233716,send_payment_reminder,2026-08-31 13:16:18.963624,failure
053295e0-7780-4d5f-ab01-c5a9e6afd0d9,07891567-7f93-4c9f-a567-0f0a8094fcac,retry_after_delay,2026-08-30 02:16:18.963628,success
8833a69a-e96d-493f-8b00-b3d79cd141a0,07891567-7f93-4c9f-a567-0f0a8094fcac,send_payment_reminder,2026-08-30 12:16:18.963628,success
ad27a1af-a187-4b01-9630-db97ae87d602,5c35ad99-482b-4779-b28a-f467fa186093,use_another_payment_method,2026-08-31 12:16:18.963630,success
41203d55-c85c-46e9-8141-22d3a6ba5369,7653ca21-ff09-4bc0-814d-050445acac30,retry_immediately,2026-09-01 15:16:18.963674,failure
b398969f-3aa7-43a3-9b20-b1362eb47fda,7653ca21-ff09-4bc0-814d-050445acac30,retry_immediately,2026-09-01 03:16:18.963674,failure
953aa8c3-feb4-4a7a-8c99-05e0e54aabf1,0f63ff18-1315-4e45-98f5-36e364051feb,retry_immediately,2026-08-31 22:16:18.963677,success
6b580f8b-89b5-456e-ba2a-f6d30bc2a679,0f63ff18-1315-4e45-98f5-36e364051feb,retry_after_delay,2026-08-30 14:16:18.963677,failure
6dc3ed71-6c12-486c-b074-f3f88908de3a,0f63ff18-1315-4e45-98f5-36e364051feb,send_payment_reminder,2026-08-31 15:16:18.963677,failure
b269f6c8-c5bb-4a87-a81c-e9385932852e,eb905f45-fa9f-4999-af92-97e754b609b7,retry_immediately,2026-08-30 16:16:18.963680,failure
bb1896dd-c388-4715-a183-95bacc768d4e,eb905f45-fa9f-4999-af92-97e754b609b7,retry_after_delay,2026-08-30 22:16:18.963680,failure
d956f38f-3e5a-4092-829c-97606cd32b4e,eb905f45-fa9f-4999-af92-97e754b609b7,retry_after_delay,2026-08-30 15:16:18.963680,success
767f93e1-b21d-4d10-a46a-5bf470f226f8,a3b66ea8-f24a-4f59-82e9-5a457dd426d5,use_another_payment_method,2026-08-30 18:16:18.963683,failure
74ff5f96-1a06-48a6-8fa9-b41ac74b281c,7aac14ef-0471-4b31-9669-5a9805455ade,retry_immediately,2026-09-01 07:16:18.963686,failure
19ffc4fa-112e-4829-8e97-3a330b3360f7,7aac14ef-0471-4b31-9669-5a9805455ade,retry_after_delay,2026-09-01 15:16:18.963686,success
183489b6-dec5-490f-8d5d-cb93614975cb,6979e443-da4a-4191-8421-d5b53fcfa8e0,retry_immediately,2026-08-31 01:16:18.963735,failure
5aba5775-248f-4233-94d2-37ba4d423de6,6979e443-da4a-4191-8421-d5b53fcfa8e0,retry_after_delay,2026-08-30 00:16:18.963735,success
3f92b46d-52e3-45f0-968f-f81671fc879f,6979e443-da4a-4191-8421-d5b53fcfa8e0,send_payment_reminder,2026-08-30 11:16:18.963735,success
2b13aac7-d95f-4bde-9631-d57314fb1248,a46e41fd-465b-415f-8948-c74a13740704,use_another_payment_method,2026-08-30 18:16:18.963738,failure
9f5a02a2-4eaf-4a7a-ba8f-e1ba326a3fc0,a46e41fd-465b-415f-8948-c74a13740704,retry_after_delay,2026-09-01 11:16:18.963738,success
0941300e-cbb0-4862-b241-8198d52a52fa,94406c35-a2b6-418f-8258-e711e22ae6ec,use_another_payment_method,2026-08-30 01:16:18.963741,success
6dffc90f-2596-4fe7-a357-8ff849ac3a89,abe4d817-9563-4d0a-b882-e53e1ab4a504,use_another_payment_method,2026-08-31 10:16:18.963744,success
327d1b82-e72f-4d11-b739-1c1810e90760,bbb58a40-c37f-45f6-998b-5a807a67b6a9,send_payment_reminder,2026-08-30 04:16:18.963747,failure
b44ebf40-cb3a-4a92-870a-09cdf1cc8ffc,9de29cba-11e4-4400-ae64-fa068214118d,send_payment_reminder,2026-08-30 18:16:18.963779,failure
f4941785-e32f-42cd-a6bc-215b709e9420,96b74486-f3e8-43d5-b1fb-16750e62702c,retry_after_delay,2026-08-31 02:16:18.963782,failure
f1a669aa-8334-466a-8019-6b7c316c63a0,58896e92-250f-4578-870e-dbc3c94e42ff,use_another_payment_method,2026-09-01 07:16:18.963785,success
eed6a881-d3c2-4cd6-8d9b-bfd965c8a7de,58896e92-250f-4578-870e-dbc3c94e42ff,retry_after_delay,2026-09-01 01:16:18.963785,failure
ffdfc8b3-92c4-4362-93fe-6da20ffc153f,58896e92-250f-4578-870e-dbc3c94e42ff,retry_after_delay,2026-08-30 07:16:18.963785,failure
e08c8735-ad2c-4cdf-af43-562dfd6b4311,2a2bf372-5eef-4f33-8dc0-68bb5bab7a5e,use_another_payment_method,2026-09-01 20:16:18.963788,success
66bc326f-5eb0-425f-ae07-ce6652170b45,2a2bf372-5eef-4f33-8dc0-68bb5bab7a5e,retry_immediately,2026-08-30 05:16:18.963788,failure
ee411e5e-d050-4a8a-bfde-dcb7ed76a01a,2a2bf372-5eef-4f33-8dc0-68bb5bab7a5e,retry_immediately,2026-08-31 19:16:18.963788,failure
5416c3a3-69f8-40d9-b8b2-c7ec87329cc7,7cbfe576-e9a0-4bc9-a3ae-35ac53c95fd6,use_another_payment_method,2026-08-31 08:16:18.963791,failure
5dda3d02-c028-4aec-ad94-3ebc1dbfc62a,7cbfe576-e9a0-4bc9-a3ae-35ac53c95fd6,send_payment_reminder,2026-08-30 22:16:18.963791,failure
a15cf88b-32c0-42ae-9275-2144463f41bb,7cbfe576-e9a0-4bc9-a3ae-35ac53c95fd6,send_payment_reminder,2026-09-01 18:16:18.963791,failure
333af1ec-6a20-48f7-8d31-94aeffc91bf2,8b79c965-83a4-45de-8ccf-e72279df24c5,retry_immediately,2026-08-31 00:16:18.963834,failure
46fc1231-4e87-4272-8ae5-30c5b43e3f8b,8b79c965-83a4-45de-8ccf-e72279df24c5,send_payment_reminder,2026-08-30 07:16:18.963834,success
db9a80ea-e0c5-4a55-b0d4-fa143eea41fd,354b0136-4744-46dd-b00e-4f8fcea81629,send_payment_reminder,2026-08-31 21:16:18.963839,failure
6a2e619f-c458-4bb3-ab38-b03d72d48e5f,354b0136-4744-46dd-b00e-4f8fcea81629,retry_after_delay,2026-09-01 13:16:18.963839,failure
24ac022b-86d5-4c40-8b09-27090664cd44,ffb3c243-f84b-4618-aa48-21a678498c44,use_another_payment_method,2026-09-01 01:16:18.963857,success
5d5c50d3-e392-4c07-9509-b056040e4576,ffb3c243-f84b-4618-aa48-21a678498c44,retry_after_delay,2026-08-30 17:16:18.963857,success
05f33bb5-fd6d-48cf-b833-f14e4a6035ff,ffb3c243-f84b-4618-aa48-21a678498c44,use_another_payment_method,2026-08-30 03:16:18.963857,success
ea93ef4d-588b-4601-ab4f-55f60053b7fc,99110c2d-f82e-4d71-85db-4d773cbd7e27,retry_immediately,2026-08-31 14:16:18.963861,failure
892cd716-eef7-4d38-a3ed-af794aaec89c,99110c2d-f82e-4d71-85db-4d773cbd7e27,use_another_payment_method,2026-08-31 19:16:18.963861,failure
8197108a-803f-4365-aa87-0d37872f2493,2c109bb9-247e-4dfe-8225-6de336e8bb07,send_payment_reminder,2026-08-31 16:16:18.963864,success
9b494a6b-139b-40b2-8314-bb37b73efde6,2c109bb9-247e-4dfe-8225-6de336e8bb07,send_payment_reminder,2026-09-01 11:16:18.963864,success
c6f8dc1a-b7b0-43d3-9cfc-b0f0ec25e480,fb72ddc1-0d4f-4566-84e8-7b0f5476420a,retry_after_delay,2026-08-31 03:16:18.963910,success
2795d03e-2ad2-4627-9fbf-b6179ffb4abf,fb72ddc1-0d4f-4566-84e8-7b0f5476420a,use_another_payment_method,2026-08-30 16:16:18.963910,failure
adecb20c-d71c-417c-9c27-d3d2b4662478,90ea836c-1afd-45b9-98d7-7ba00bd34b3a,send_payment_reminder,2026-08-31 01:16:18.963914,failure
3c9c043c-09c3-4619-91d2-1dc15b63c968,90ea836c-1afd-45b9-98d7-7ba00bd34b3a,send_payment_reminder,2026-08-30 05:16:18.963914,failure
3a7bc02b-3287-4e46-b9d3-b0bafb3c05e9,4544cf35-573a-4b59-8a30-28e7a57a38cf,retry_after_delay,2026-08-30 10:16:18.963917,success
08fadb9f-0860-4e23-a9b4-276c7bd910ad,c61ecef4-e4c1-446f-9829-0157f4efd0a0,retry_immediately,2026-08-31 04:16:18.963920,failure
ca13629f-9fd8-4f3a-a955-715613dec458,c61ecef4-e4c1-446f-9829-0157f4efd0a0,retry_after_delay,2026-08-30 15:16:18.963920,success
786721ba-d28f-471e-867e-cc8768a18f03,f628e1b2-4fc2-42f1-b74f-ca32235ff87a,retry_after_delay,2026-08-30 08:16:18.963950,success
77464478-fbd9-4867-8d70-42ee54edad81,f628e1b2-4fc2-42f1-b74f-ca32235ff87a,send_payment_reminder,2026-09-01 17:16:18.963950,success
5ef8188e-2729-4839-9d57-0add95ad3beb,f6caa394-31d4-4694-b278-cc003480ba23,send_payment_reminder,2026-08-31 06:16:18.963953,failure
0c73c493-3b75-4af6-9431-3e916fff4560,b25c6e19-17fa-4746-be22-2ea01ea35fc6,retry_immediately,2026-09-01 00:16:18.963956,failure
d1482978-29d9-4da5-b0bd-5d98ee0ac6c1,b25c6e19-17fa-4746-be22-2ea01ea35fc6,send_payment_reminder,2026-09-01 05:16:18.963956,failure
5b4c56a9-9b53-49e0-a8ea-bc2f3e8911fe,7dc41370-6a2e-466e-a799-727f0035539c,send_payment_reminder,2026-09-01 12:16:18.963959,failure
b0cd49b0-53ef-4fec-9a7c-0b15fb01dfa0,7dc41370-6a2e-466e-a799-727f0035539c,retry_after_delay,2026-08-30 14:16:18.963959,failure
7ac871d9-43dc-4a99-b789-143e3a3ea229,7dc41370-6a2e-466e-a799-727f0035539c,send_payment_reminder,2026-08-30 05:16:18.963959,failure
7f78ecdb-9e6b-4854-9629-70999421ad5a,94f5eac8-8323-4f91-9d85-925777e82673,retry_after_delay,2026-09-01 05:16:18.963962,success
e1ad0dac-06bd-4f4b-b5f7-6ec95a717c04,94f5eac8-8323-4f91-9d85-925777e82673,send_payment_reminder,2026-08-31 04:16:18.963962,failure
860b4c1d-064c-465f-9d66-494ea965bcf7,94f5eac8-8323-4f91-9d85-925777e82673,use_another_payment_method,2026-08-31 14:16:18.963962,success
c27ecc15-278b-438d-9c2d-127774fffe09,847a5309-47b0-421c-baa8-45f75e5bfe49,use_another_payment_method,2026-08-31 19:16:18.964011,success
45070c00-e599-436c-bf2f-181cb42c1bb9,847a5309-47b0-421c-baa8-45f75e5bfe49,retry_immediately,2026-08-30 11:16:18.964011,failure
d4d19683-ac6f-4a1d-b1ff-6ae417e300a5,847a5309-47b0-421c-baa8-45f75e5bfe49,retry_after_delay,2026-09-01 18:16:18.964011,failure
f1e29bfe-d33a-4cde-b7cd-603789a152d5,9f152c3b-4af8-4a46-bd5d-da05175845a7,retry_immediately,2026-09-01 12:16:18.964026,failure
b0a794e7-7c1c-474f-8b31-9dc3cc93840e,2a0c41f5-41d1-46e0-b59f-f9dbe99913b3,send_payment_reminder,2026-08-30 08:16:18.964029,success
fe15a205-dc24-47bb-b282-254880dea6ae,2a0c41f5-41d1-46e0-b59f-f9dbe99913b3,send_payment_reminder,2026-09-01 06:16:18.964029,failure
4a535789-2182-45ab-8543-0a057c6462ab,2a0c41f5-41d1-46e0-b59f-f9dbe99913b3,send_payment_reminder,2026-08-31 18:16:18.964029,failure
b7caffd0-4227-49e2-a25e-a5fb3e4b8164,24d3e3a9-9e1d-4eeb-b3d6-05c863bcf51a,retry_immediately,2026-09-01 12:16:18.964032,failure
3305646e-5a0f-4b83-993f-52e8601b29a1,24d3e3a9-9e1d-4eeb-b3d6-05c863bcf51a,retry_after_delay,2026-08-30 13:16:18.964032,failure
c4ddd5f1-f1eb-474a-a2d9-28db57a958e2,33b13923-ebbc-416a-96ce-bf9ce694f1bf,retry_after_delay,2026-08-30 08:16:18.964035,success
05f32a19-65b5-409e-97c3-752498f0269b,33b13923-ebbc-416a-96ce-bf9ce694f1bf,use_another_payment_method,2026-08-29 22:16:18.964035,failure
623c06eb-2071-4a9c-8fc2-465ff072af9e,d27ffd73-28c8-49b7-aa8c-0ef1e5656cd2,retry_after_delay,2026-08-30 08:16:18.964067,failure
0179fae8-dca3-4ef5-9d33-326648cc4c56,d27ffd73-28c8-49b7-aa8c-0ef1e5656cd2,retry_after_delay,2026-08-29 22:16:18.964067,failure
f8f44f93-67f7-46f9-bd79-18a2ca700701,ecf3f364-88e1-4372-891a-7952eca29052,retry_after_delay,2026-09-01 17:16:18.964070,success
3fcd8b5d-497f-42a9-8538-b888e0d50a75,ecf3f364-88e1-4372-891a-7952eca29052,retry_after_delay,2026-08-30 01:16:18.964070,failure
44725d32-b0bf-4de4-b606-b0578b6ebd75,afa50db9-7c15-4dbc-bc53-ebac056189de,retry_after_delay,2026-08-31 05:16:18.964073,success
60f4c066-4bfa-47e1-b0e7-b77dac23ad02,f5e3684f-b985-4201-b505-eb4e38f654e7,use_another_payment_method,2026-08-29 23:16:18.964076,failure
28c4f07e-5918-437f-ab99-f5cf7aeb6d0b,287cc993-40d5-4b51-994e-7be451c3e29d,use_another_payment_method,2026-08-30 03:16:18.964102,failure
b54c40d8-a61c-4111-b23a-4b0b998f5f8f,287cc993-40d5-4b51-994e-7be451c3e29d,use_another_payment_method,2026-09-01 08:16:18.964102,failure
3195e6e9-0eb9-4195-8745-6ec16d331bb7,287cc993-40d5-4b51-994e-7be451c3e29d,retry_immediately,2026-08-31 08:16:18.964102,failure
08e9bf10-af0e-4483-bdb0-cf5a30338a52,95fe1fb8-62e2-477e-8df8-6dfdc791399f,send_payment_reminder,2026-08-31 14:16:18.964105,success
c0c532c9-d2e6-4d64-a372-8b8e322be26c,95fe1fb8-62e2-477e-8df8-6dfdc791399f,retry_immediately,2026-08-30 02:16:18.964105,failure
c14d08f8-de06-418a-b385-64e03246e016,95fe1fb8-62e2-477e-8df8-6dfdc791399f,retry_immediately,2026-08-31 06:16:18.964105,failure
c7262c6f-57cb-445a-b172-c9d93431de75,86a8baf1-8a6d-4636-93a0-3654ff37157d,send_payment_reminder,2026-08-30 04:16:18.964130,success
89f0f29a-e06f-4321-99da-7d632c0359f9,86a8baf1-8a6d-4636-93a0-3654ff37157d,retry_after_delay,2026-09-01 11:16:18.964130,failure
3401d8a0-9d47-4584-8699-c245cef6b96a,86a8baf1-8a6d-4636-93a0-3654ff37157d,use_another_payment_method,2026-08-31 06:16:18.964130,success
822ab482-ca78-4e79-ab10-6efd6fec8a89,ba19ff42-a26a-4f78-a16a-9274220f6926,retry_immediately,2026-08-30 10:16:18.964134,failure
2da0aa31-2d53-4859-a680-60297c78ed8a,4843af4a-b95f-44cf-acdc-3b0efbb7fb09,use_another_payment_method,2026-08-31 11:16:18.964137,success
bb52b070-424c-4005-ae0f-29eb653eb947,4843af4a-b95f-44cf-acdc-3b0efbb7fb09,retry_after_delay,2026-08-31 10:16:18.964137,success
dadcefad-210f-4e9e-95ae-615393b87df5,eb55c6a7-f40f-4ab5-b0b0-00f9113ca794,send_payment_reminder,2026-08-31 22:16:18.964163,success
09c20feb-d97a-4f23-aeab-5e493b7126bf,eb55c6a7-f40f-4ab5-b0b0-00f9113ca794,retry_after_delay,2026-08-30 10:16:18.964163,success
2c45cbc9-f1a4-4724-9c1c-f0519fcdcd7a,eb55c6a7-f40f-4ab5-b0b0-00f9113ca794,use_another_payment_method,2026-08-31 01:16:18.964163,success
6ea8a389-bf6a-47f9-b9e4-a5e2417f1889,145d1015-293c-437a-9bfb-7c40461ed57f,use_another_payment_method,2026-08-31 01:16:18.964166,success
5185bed7-d2f4-4248-90d0-5f1ca3cde1a2,145d1015-293c-437a-9bfb-7c40461ed57f,retry_immediately,2026-08-31 12:16:18.964166,failure
34b8b3c3-6aef-40c2-8107-3f92c2a3240f,e4aa7f92-fe0f-4ebe-9fb4-3c4fea15fbc4,retry_after_delay,2026-09-01 14:16:18.964169,success
c67eb717-c70f-4eb1-af12-d8b660683c82,e4aa7f92-fe0f-4ebe-9fb4-3c4fea15fbc4,retry_immediately,2026-08-30 19:16:18.964169,failure
f05210de-d2d4-411b-b6f8-87a49a8fc742,0c796494-d624-4b07-8b02-39aa8b137485,retry_after_delay,2026-09-01 16:16:18.964172,failure
43bdc28b-33e2-4952-9019-40c70f725e9e,0c796494-d624-4b07-8b02-39aa8b137485,retry_after_delay,2026-08-31 23:16:18.964172,success
b50fdec6-fb96-4231-8b08-deb1eb9deda3,0c796494-d624-4b07-8b02-39aa8b137485,retry_after_delay,2026-08-31 15:16:18.964172,failure
8c01beae-2171-4886-847e-4bc984841e2c,42687318-3a74-42af-b77d-632925b4f210,retry_immediately,2026-08-31 10:16:18.964214,failure
2af1aa1a-bc6f-428e-b492-901401106093,42687318-3a74-42af-b77d-632925b4f210,send_payment_reminder,2026-08-30 23:16:18.964214,failure
7dafc675-708f-4a38-ae8a-8c532527cee1,42687318-3a74-42af-b77d-632925b4f210,use_another_payment_method,2026-08-30 07:16:18.964214,failure
4bd6f4b4-a209-4c30-9cf6-1fbdd92449a9,b7743cce-42be-4098-8ec3-731ee295a0a7,send_payment_reminder,2026-08-30 22:16:18.964217,failure
593443db-6e2f-4cbc-a2e8-76aaa3a1999b,6d6ea717-9f69-465f-87fa-ddb8908fc03a,send_payment_reminder,2026-09-01 20:16:18.964220,failure
b9672b60-78a5-4bd8-95f2-535116d4bdfc,6d6ea717-9f69-465f-87fa-ddb8908fc03a,send_payment_reminder,2026-09-01 10:16:18.964220,failure
92370d38-e529-4d4e-8943-e007631f1114,0ae971d5-6d5c-480c-bcbb-a93e66db4ff0,retry_immediately,2026-09-01 20:16:18.964223,failure
dca7bc5e-e1b4-4edf-b7f1-b040d204a7eb,0ae971d5-6d5c-480c-bcbb-a93e66db4ff0,retry_immediately,2026-08-31 08:16:18.964223,success
707a6789-85f8-418e-9025-174d8e3363cb,0ae971d5-6d5c-480c-bcbb-a93e66db4ff0,retry_immediately,2026-08-31 10:16:18.964223,failure
58101f5d-d097-4873-8e08-03f0099aecd6,e6144ae5-3c87-41c8-bb53-a1b877e31ee4,send_payment_reminder,2026-08-30 17:16:18.964258,failure
f70d38f4-b26b-4559-96bf-e00302076855,e6144ae5-3c87-41c8-bb53-a1b877e31ee4,retry_immediately,2026-09-01 19:16:18.964258,failure
045dc264-c4f4-4aea-9f90-3dbb3476dc9f,e6144ae5-3c87-41c8-bb53-a1b877e31ee4,use_another_payment_method,2026-08-31 12:16:18.964258,failure
0fc1e041-2177-44e5-a849-c6949e1e7991,1496aac3-7dfc-44cb-a939-c3353d2d3db8,retry_immediately,2026-08-30 15:16:18.964261,failure
ded93390-79ab-42b4-acd1-8c47de6f2d35,1496aac3-7dfc-44cb-a939-c3353d2d3db8,retry_immediately,2026-09-01 10:16:18.964261,failure
c205d36e-3050-4ae0-b491-e5cbb50d1601,5b44cd0c-9f23-4a2e-aa68-8431584165d1,use_another_payment_method,2026-08-31 03:16:18.964264,success
93a4ae40-a29f-46b6-94d0-55619a7cde1c,5b44cd0c-9f23-4a2e-aa68-8431584165d1,use_another_payment_method,2026-08-30 20:16:18.964264,success
54cdd839-7abb-4186-8f94-98415264ec5b,5b44cd0c-9f23-4a2e-aa68-8431584165d1,use_another_payment_method,2026-08-31 09:16:18.964264,failure
3ec28dcf-9839-4e34-863a-3dd4cbdd6bc2,1686f127-57f8-4290-ba32-fc865d619fc5,retry_immediately,2026-09-01 00:16:18.964298,success
506df778-f1ac-45cf-85be-7079bfe28470,1686f127-57f8-4290-ba32-fc865d619fc5,use_another_payment_method,2026-08-30 23:16:18.964298,success
bf8064af-99cb-4ba6-b2e5-8d5c8c6ae8fc,1686f127-57f8-4290-ba32-fc865d619fc5,retry_immediately,2026-09-01 10:16:18.964298,failure
f45a4ade-d687-4976-9db7-0b60c1c4fda6,e96770b6-3dc7-4b77-8b47-cfeb6b121882,retry_after_delay,2026-09-01 05:16:18.964301,success
5fcf20c0-1af1-4900-acfe-dbb3cb20842f,e96770b6-3dc7-4b77-8b47-cfeb6b121882,retry_immediately,2026-08-31 19:16:18.964301,failure
d9c12c63-d9a2-400c-b02f-e0291e777840,cc349120-d601-4142-8867-7eb9c2be5b0c,use_another_payment_method,2026-09-01 04:16:18.964304,success
0dd1a72c-9760-49c3-9fa2-edc0389f8de3,edf7b642-c561-48e1-8985-bdf5a6e41532,send_payment_reminder,2026-09-01 08:16:18.964307,success
7b208401-4d6d-4a0b-b828-46a3a5b58c47,edf7b642-c561-48e1-8985-bdf5a6e41532,retry_immediately,2026-08-31 03:16:18.964307,failure
58db396b-6a6b-4585-989b-85f5642ff298,991a4226-27c7-4de9-be8a-69cf806f7e9e,retry_after_delay,2026-08-31 09:16:18.964311,failure
bf2aca69-840e-482e-86fa-1c675c3f250a,991a4226-27c7-4de9-be8a-69cf806f7e9e,use_another_payment_method,2026-08-31 11:16:18.964311,success
aa4a31d3-f83b-4530-9093-1c04a7c158f5,991a4226-27c7-4de9-be8a-69cf806f7e9e,retry_after_delay,2026-08-30 18:16:18.964311,failure
46e78947-708f-4f38-8956-3f97a68e2d8b,8af864a1-d605-4314-ad36-9e366214015c,retry_immediately,2026-08-31 18:16:18.964354,failure
2bade9b4-b443-4280-9a15-af58222b7557,8af864a1-d605-4314-ad36-9e366214015c,retry_immediately,2026-08-30 16:16:18.964354,failure
a3428cd3-eb5a-4170-8e26-22e85e996350,d0153409-d70f-48cb-8610-7c2ba7a993f9,retry_immediately,2026-08-30 00:16:18.964366,failure
2cd76707-4210-47c8-ad7c-8b6b5512f7a9,e6c91ccd-0cdc-4a6e-9e0d-c419b7f36e96,retry_after_delay,2026-08-30 21:16:18.964369,failure
c090de49-e7a1-48fa-bb4e-9d0f8dacf1b6,e6c91ccd-0cdc-4a6e-9e0d-c419b7f36e96,send_payment_reminder,2026-08-30 22:16:18.964369,success
2b58d481-b887-4cb2-9aaa-a72b65972249,e6c91ccd-0cdc-4a6e-9e0d-c419b7f36e96,use_another_payment_method,2026-09-01 06:16:18.964369,success
5cc24eb5-657a-412b-a899-edc42c72b011,3fd97b2f-5951-4934-8066-08d176bf7399,retry_immediately,2026-09-01 15:16:18.964372,failure
a5e053f9-af95-423e-9bf0-7c64ec5ae0d6,3fd97b2f-5951-4934-8066-08d176bf7399,send_payment_reminder,2026-08-31 03:16:18.964372,failure
4af0fa5d-1895-43f2-be26-9d54b396585e,95b00675-da97-4e0f-9377-e8a4ca1a9991,retry_immediately,2026-09-01 10:16:18.964397,failure
53d9bbdf-42e7-41c1-9510-31df6f9641ee,95b00675-da97-4e0f-9377-e8a4ca1a9991,send_payment_reminder,2026-08-29 22:16:18.964397,failure
d4abb057-672b-4425-986a-71e0829f2605,fcdd1379-ab57-409f-8455-7dea4c92b1e4,send_payment_reminder,2026-08-30 07:16:18.964400,success
53301fc6-a4f6-42b5-b5c9-69afd3dae540,fcdd1379-ab57-409f-8455-7dea4c92b1e4,use_another_payment_method,2026-08-30 20:16:18.964400,success
de0b02f8-3c88-4152-91de-ed996a2ed5f5,a2a880cb-4820-49b2-a397-35ca8d4a0029,retry_immediately,2026-08-30 15:16:18.964419,failure
35f14b85-7b78-41e9-aa0b-5b776baed00e,a2a880cb-4820-49b2-a397-35ca8d4a0029,send_payment_reminder,2026-08-30 15:16:18.964419,failure
9b0d9ee7-dfe8-4d13-b7da-60e986f82554,8d9286d4-c084-4818-b4ba-34ed9df26b15,retry_immediately,2026-08-30 12:16:18.964423,failure
bc46ea71-19d0-4c98-b663-a248883b48b2,8d9286d4-c084-4818-b4ba-34ed9df26b15,retry_after_delay,2026-08-30 15:16:18.964423,failure
2184f6b4-3bc0-45b6-8f35-5ada609743d9,8d9286d4-c084-4818-b4ba-34ed9df26b15,send_payment_reminder,2026-08-30 03:16:18.964423,failure
4310d439-8701-4532-937b-0eb0796bf573,aa9e1713-add7-4941-b6e9-7249178c04c1,send_payment_reminder,2026-08-30 02:16:18.964443,success
1d665998-bcf7-48bc-9240-6cd38425245a,aa9e1713-add7-4941-b6e9-7249178c04c1,retry_after_delay,2026-09-01 00:16:18.964443,success
7a8e7018-265a-4baf-a12d-ddb516545c4b,4ae23e70-6844-40e7-9322-582afc95a46a,send_payment_reminder,2026-09-01 03:16:18.964447,failure
a825b0ea-05bb-4533-978a-5c6dc5827041,ce0a0d82-a208-44e7-9a55-1acce2330a21,send_payment_reminder,2026-08-30 05:16:18.964461,failure
321b6b56-7670-4da6-8b81-7852b1723e84,ce0a0d82-a208-44e7-9a55-1acce2330a21,retry_after_delay,2026-09-01 11:16:18.964461,failure
4c91c6ac-4c3d-4d03-935a-edb028330d3e,ce0a0d82-a208-44e7-9a55-1acce2330a21,retry_after_delay,2026-08-31 14:16:18.964461,failure
a9f67bd4-a601-44e9-a413-0e200a754ea4,b7ff08ee-87be-433a-b9cb-48b4814175f3,retry_after_delay,2026-09-01 16:16:18.964464,failure
2c88adf0-8d18-4f24-b42b-18ec73e348cc,b7ff08ee-87be-433a-b9cb-48b4814175f3,send_payment_reminder,2026-08-31 08:16:18.964464,failure
dea9b5db-1034-4a81-a872-b0ea3864d46b,b7ff08ee-87be-433a-b9cb-48b4814175f3,retry_immediately,2026-08-30 14:16:18.964464,failure
5c7ef232-4f8a-48c8-86b2-7af8b8493142,6af748c6-bd2a-4a42-ad19-60efd9e6292a,send_payment_reminder,2026-08-31 07:16:18.964467,failure
d57ea1a3-3a2b-422f-a023-53d93e206de6,6af748c6-bd2a-4a42-ad19-60efd9e6292a,retry_after_delay,2026-08-30 23:16:18.964467,failure
ec7947ff-cdd8-4850-82a1-32e990d42f3b,822c3662-9686-48e5-a42a-4e6b979c1365,retry_immediately,2026-08-30 06:16:18.964470,failure
d2d95e32-0533-4220-a5ff-1eae77889f4b,822c3662-9686-48e5-a42a-4e6b979c1365,send_payment_reminder,2026-08-30 14:16:18.964470,failure
84047206-ea6d-4c68-a9e4-abd02801b598,2a78c16f-ea8c-438d-bb12-0826552b92fc,send_payment_reminder,2026-09-01 06:16:18.964508,failure
1c4055c9-610a-4771-afd3-db9386af54cd,d443d863-c2c2-45f8-a136-dc3e4a04fbea,send_payment_reminder,2026-08-31 09:16:18.964516,success
3bb95d20-0c43-4288-8f01-30c3f9d3a820,d443d863-c2c2-45f8-a136-dc3e4a04fbea,use_another_payment_method,2026-08-30 10:16:18.964516,failure
0f58f0af-bc1c-429a-8741-d242fc0d23bd,f0128cba-5d18-4c3d-8da4-baa4d34230fa,retry_immediately,2026-09-01 01:16:18.964519,failure
9147d56d-3046-4bca-8021-0c48959eee0e,9c953c7f-1d9f-405a-99ee-ef88e9cd5331,use_another_payment_method,2026-08-31 01:16:18.964522,success
54f857a0-3199-4ad4-872d-87ae73fadc34,9c953c7f-1d9f-405a-99ee-ef88e9cd5331,use_another_payment_method,2026-08-31 23:16:18.964522,success
1e5c797f-96b5-4aef-af32-e2d62d961f5c,9c953c7f-1d9f-405a-99ee-ef88e9cd5331,send_payment_reminder,2026-08-31 05:16:18.964522,failure
2548ac5c-f434-400e-81ab-1dfd60178330,5bc827e7-5cc1-4b51-8e69-e235454dc1ac,retry_immediately,2026-08-29 22:16:18.964525,success
e1fe07bd-db09-477a-86d2-504b60be80a8,f4035add-cd6e-48f4-baff-aa1701e5261f,send_payment_reminder,2026-09-01 16:16:18.964528,failure
1d998733-7661-48d0-beaa-0952e18e6272,f4035add-cd6e-48f4-baff-aa1701e5261f,retry_immediately,2026-08-30 08:16:18.964528,success
d7a73769-3b28-46bc-be8d-3b646c00d9e3,40ff4237-ac6a-4f89-a73b-9f3fa9686f34,retry_after_delay,2026-08-30 15:16:18.964566,success
92401d4c-75cc-4176-b4cd-3ea223f8f994,40ff4237-ac6a-4f89-a73b-9f3fa9686f34,send_payment_reminder,2026-09-01 20:16:18.964566,success
13b674f7-112f-447f-8236-3883420eb97f,40ff4237-ac6a-4f89-a73b-9f3fa9686f34,use_another_payment_method,2026-09-01 06:16:18.964566,success
e89ceb66-14eb-4da5-ad9a-30621e892d78,71be542f-fe1b-4bf1-8e32-eb1d3b4b8045,retry_after_delay,2026-08-31 12:16:18.964569,failure
d7af5436-7edb-49bf-b52a-88e5e000c2be,71be542f-fe1b-4bf1-8e32-eb1d3b4b8045,use_another_payment_method,2026-08-30 18:16:18.964569,success
53fa153b-8859-4771-9992-cfc2405b326d,71be542f-fe1b-4bf1-8e32-eb1d3b4b8045,send_payment_reminder,2026-08-31 15:16:18.964569,failure
d4bd44a0-609c-41cf-addc-5887c3b0de2f,9a5d70d5-8690-4126-a787-a3977d084a06,retry_after_delay,2026-08-30 11:16:18.964572,failure
782c45c6-70f6-4b70-b9c1-4928e09369d4,9a5d70d5-8690-4126-a787-a3977d084a06,retry_immediately,2026-09-01 18:16:18.964572,failure
ccadf796-645f-4a6d-a021-f70cbab074d2,ad479f42-4c2b-41de-9fec-6d60625b43ed,retry_immediately,2026-08-31 21:16:18.964575,success
f80dd299-0788-4fc2-a7ce-b392e3567a4d,ad479f42-4c2b-41de-9fec-6d60625b43ed,use_another_payment_method,2026-09-01 13:16:18.964575,success
fc209dbb-576d-4472-8fb1-f280fdcf5b5c,ad479f42-4c2b-41de-9fec-6d60625b43ed,use_another_payment_method,2026-09-01 00:16:18.964575,success
5dec871e-dbf2-4732-bc59-005dc5fa9160,2633931f-db71-4c15-b4d6-bbc4798a089a,retry_after_delay,2026-08-29 23:16:18.964619,failure
d52a5ec9-0fcb-43ca-b22e-a80fe8721668,2633931f-db71-4c15-b4d6-bbc4798a089a,send_payment_reminder,2026-08-30 00:16:18.964619,success
ce10794f-ddca-4a30-835e-7571f7272e77,703e18b3-4dd7-49a7-8924-124f71aecda5,use_another_payment_method,2026-08-30 18:16:18.964622,success
31ae75bd-1ebb-4465-bd34-686bd18965fa,703e18b3-4dd7-49a7-8924-124f71aecda5,retry_immediately,2026-09-01 16:16:18.964622,success
7706a211-6a43-40bf-9f77-8e898abb28ff,2e3efc17-3a14-4f33-a30c-7f99258abc2f,send_payment_reminder,2026-09-01 11:16:18.964625,success
6e365546-cd23-4aaa-9800-f423a27eb13e,2e3efc17-3a14-4f33-a30c-7f99258abc2f,use_another_payment_method,2026-08-31 15:16:18.964625,success
10d17a28-ba70-44a0-b0a7-c730eaeefe15,2e3efc17-3a14-4f33-a30c-7f99258abc2f,retry_after_delay,2026-08-29 23:16:18.964625,failure
1a643675-0224-4760-9f0b-68df873d2fb7,109f58a7-bf34-49dd-9e7e-7c432034d98b,send_payment_reminder,2026-09-01 12:16:18.964653,failure
aadd6480-9274-47e9-9e2e-71cdc5fc6b7f,8b10ea31-51e3-48e6-90fc-b303f2a9a287,retry_immediately,2026-08-30 05:16:18.964656,success
5053a8ab-2bf3-4041-b8d9-e6d0a1f62e22,8b10ea31-51e3-48e6-90fc-b303f2a9a287,retry_immediately,2026-08-30 22:16:18.964656,success
5b6a6333-c082-4285-bfd7-5d797c9deac4,8b10ea31-51e3-48e6-90fc-b303f2a9a287,retry_immediately,2026-08-30 15:16:18.964656,failure
661ea2d3-89bd-4740-bd1b-cc065ef22692,91336008-b781-4712-bfc5-25684ce5e91f,send_payment_reminder,2026-09-01 15:16:18.964659,failure
3f136af4-b104-4d69-b167-916e6296f5cc,a8821147-ad95-489e-b332-ac52b8979f32,retry_immediately,2026-08-30 04:16:18.964683,failure
942fafe2-3a82-46c3-ad54-2fae1c8eeee5,a8821147-ad95-489e-b332-ac52b8979f32,use_another_payment_method,2026-08-31 15:16:18.964683,failure
ada24b06-2f74-4f7e-8fc4-29112c41152d,a8821147-ad95-489e-b332-ac52b8979f32,use_another_payment_method,2026-09-01 02:16:18.964683,success
8520a2ad-cb3a-4a73-a677-989f8ac4bbfc,70e56c52-8cd7-48e0-a635-74393cb5a845,retry_immediately,2026-09-01 15:16:18.964687,success
89821d58-4ebd-4fe0-950a-c45113553f00,70e56c52-8cd7-48e0-a635-74393cb5a845,retry_immediately,2026-08-31 09:16:18.964687,success
431d2052-f299-4a2b-8aa3-ef038dbd68c6,73d7f627-fb07-42b0-86cf-36f0cf294607,use_another_payment_method,2026-08-31 13:16:18.964690,success
7d68f893-6067-4b6a-90bb-798a07878957,73d7f627-fb07-42b0-86cf-36f0cf294607,use_another_payment_method,2026-08-31 12:16:18.964690,failure
8702bbbc-8718-4b5b-b4a9-fa2b09c864f9,c77ead35-5897-42bd-94e2-4f1c118bd27a,retry_immediately,2026-09-01 09:16:18.964693,failure
36d8b105-14e2-489f-9b6b-8797399e0645,8462f443-623e-489b-ad54-3dc2ce9b7796,retry_immediately,2026-08-31 15:16:18.964725,failure
27bd71b7-5cd0-4458-99b8-acfd4ebf85ee,540bbe43-e4de-41f7-bae4-7cb94018db73,send_payment_reminder,2026-08-30 04:16:18.964733,success
a9caa220-9530-49f1-968f-8d98ec9ae825,540bbe43-e4de-41f7-bae4-7cb94018db73,send_payment_reminder,2026-08-31 22:16:18.964733,failure
facea434-c0c2-40a3-9f34-393f63ab50cf,f7f295fc-d81b-48b7-8c3b-8b90d24140de,send_payment_reminder,2026-08-30 03:16:18.964745,failure
ce95da71-abfa-45f3-8c7c-af9655794204,702d50c9-736f-485a-afa6-103afe218a44,send_payment_reminder,2026-09-01 14:16:18.964755,success
d0550655-a19a-4999-917f-3df29da0dc18,702d50c9-736f-485a-afa6-103afe218a44,retry_after_delay,2026-08-31 10:16:18.964755,success
496edde8-605f-44a2-9b82-1e0170d68f07,702d50c9-736f-485a-afa6-103afe218a44,retry_after_delay,2026-09-01 10:16:18.964755,failure
a266eddf-f07a-4367-b842-00dec0b912be,23d10c97-e8f9-449d-abda-74ac6035521d,use_another_payment_method,2026-09-01 20:16:18.964758,success
a35b3ec8-79a5-47b9-b483-bf8d31b0f4a2,23d10c97-e8f9-449d-abda-74ac6035521d,use_another_payment_method,2026-08-31 01:16:18.964758,failure
fac73f82-d9ff-4ab4-acbd-748b1b2e0ada,23d10c97-e8f9-449d-abda-74ac6035521d,use_another_payment_method,2026-08-31 09:16:18.964758,success
d1fd4375-2415-4c1b-92b9-d8285bc8d76a,9dc7c399-6162-456b-b9ce-4a93e9157afb,retry_immediately,2026-08-30 23:16:18.964762,failure
bd3248b3-d707-4adc-b2c9-774e5d2b4bab,9dc7c399-6162-456b-b9ce-4a93e9157afb,retry_after_delay,2026-08-30 07:16:18.964762,failure
402e6ae5-f462-4d0b-8dd4-9802b95be664,609311d1-eec9-47bf-ba7b-f67db9404344,retry_after_delay,2026-08-31 17:16:18.964794,failure
779f2fb7-b22e-444e-ae11-90de8a61da40,609311d1-eec9-47bf-ba7b-f67db9404344,retry_after_delay,2026-09-01 13:16:18.964794,failure
d2fc38b2-3c11-4b6d-a24f-b95298922194,cf035a69-bcc5-4615-9a83-fb1305fcbb7f,retry_after_delay,2026-08-31 23:16:18.964797,success
030d4cbb-329a-4dba-a34a-4d05064481fc,cf035a69-bcc5-4615-9a83-fb1305fcbb7f,use_another_payment_method,2026-08-30 14:16:18.964797,failure
0b157ad7-d381-462b-b26b-8dc7d7504b30,cf035a69-bcc5-4615-9a83-fb1305fcbb7f,send_payment_reminder,2026-08-31 11:16:18.964797,failure
5a7b6b8a-486f-4e3d-bbca-bde00344424e,7d6187eb-ba96-4a36-be89-82e7f6ddef27,send_payment_reminder,2026-09-01 06:16:18.964800,success
9f98d32c-cc09-498c-9260-9eae098ca138,7d6187eb-ba96-4a36-be89-82e7f6ddef27,send_payment_reminder,2026-08-30 19:16:18.964800,success
083cf8ac-33e6-4982-8aab-9532c6facf4f,9115a141-366b-4266-9aac-3b05b12c1e3f,retry_immediately,2026-08-30 17:16:18.964803,failure
39d06318-c37c-4ade-aaeb-856c030569d8,8ed94d8c-5b30-4673-ae64-a298a3f23461,use_another_payment_method,2026-09-01 19:16:18.964806,failure
2be92b6a-d87c-458a-a705-650d388c3d53,8ed94d8c-5b30-4673-ae64-a298a3f23461,use_another_payment_method,2026-08-30 12:16:18.964806,failure
6f4d0992-3631-4b16-8c84-26b1860eaef0,8ed94d8c-5b30-4673-ae64-a298a3f23461,use_another_payment_method,2026-08-30 05:16:18.964806,failure
2c8f9ff0-6bc9-4c90-833a-3b87d400d8d6,cbe0d6ae-63d6-4b8a-ac21-a84daea9ac74,send_payment_reminder,2026-08-30 23:16:18.964857,failure
eb5aa764-92a6-4d73-b911-856094c38d68,cbe0d6ae-63d6-4b8a-ac21-a84daea9ac74,use_another_payment_method,2026-08-30 01:16:18.964857,success
8ad6589e-70c7-4bec-bf19-53390ed89d07,9253bb15-30aa-4eeb-8174-3c8586901a01,retry_after_delay,2026-08-31 19:16:18.964861,failure
25b0d274-319a-43ca-aaad-28af12be4b6f,2236607a-63f9-4f91-bdad-8f4be466af7a,retry_after_delay,2026-08-31 10:16:18.964864,success
a720dfdd-8889-4601-b676-b4d33feecd87,ac3917ad-c4dd-4a8c-85e1-3a37e6474742,retry_immediately,2026-09-01 20:16:18.964868,failure
b4164b3e-b1bc-49bf-b338-96b3464ec0b1,44af61e5-a9a3-4b94-89a8-ff43d872e409,send_payment_reminder,2026-08-30 11:16:18.964871,success
c84cee70-c321-4bd6-88ac-0e28dbc53649,0d2cdc58-e191-4a4e-948e-0690739d1271,use_another_payment_method,2026-09-01 09:16:18.964981,success
80d64de8-598f-497a-ac17-bb653a86102c,0d2cdc58-e191-4a4e-948e-0690739d1271,retry_after_delay,2026-08-30 15:16:18.964981,failure
874888d5-7d54-40ee-9227-ca1194eb5e09,ce9f2cf4-e1a6-4fa5-8d4a-6f1fbdc16bd6,retry_immediately,2026-09-01 08:16:18.964986,failure
88083701-d02b-4d99-a11f-4f818fe1fc5f,ce9f2cf4-e1a6-4fa5-8d4a-6f1fbdc16bd6,retry_immediately,2026-09-01 02:16:18.964986,failure
9d68231e-0dad-4417-8457-dc164e95f34f,1af1efbd-0dec-44e0-b7b0-3675476f83dd,use_another_payment_method,2026-08-31 14:16:18.964989,success
fecddfb0-f1b7-4693-99f9-b2b63b71f07f,1af1efbd-0dec-44e0-b7b0-3675476f83dd,send_payment_reminder,2026-09-01 20:16:18.964989,success
28df724c-871e-4429-bba2-c294e4f8b19e,cb14ac11-575a-4c50-95e6-0f944f319ec1,retry_after_delay,2026-09-01 05:16:18.964993,failure
2f0be72c-3f70-410e-ad6f-9c5666693851,ee3bc50c-7103-4c32-9274-186b30528cfa,use_another_payment_method,2026-09-01 21:16:18.964998,success
9f5515d4-4338-4107-be06-e2f65a3059a4,36408850-6414-4fc0-bbd0-e591ce14954f,use_another_payment_method,2026-08-31 17:16:18.965033,failure
250d3420-bd23-47df-83f1-b2f75ea5b42d,331b2d7e-fdd2-4042-bb05-018f8f53b11c,use_another_payment_method,2026-08-30 15:16:18.965037,success
1e6161ce-0b78-455d-b06a-c0d149717df2,ea61caf5-c968-4067-88a8-5f42d4d491ba,retry_after_delay,2026-09-01 05:16:18.965040,failure
4417b710-6755-4f59-b870-800423ced5cc,b840c55d-d14c-45f5-9f4f-a3b2a88ac6bc,retry_after_delay,2026-08-30 19:16:18.965043,success
1cf21061-5fe6-4ae3-a679-096d51851730,b840c55d-d14c-45f5-9f4f-a3b2a88ac6bc,retry_immediately,2026-08-31 12:16:18.965043,success
d43cf187-e8f4-4b40-a90d-dc827caf6a2c,517158ff-25e1-48d8-b70f-5aedf0acc251,retry_immediately,2026-09-01 18:16:18.965047,failure
be80bdd5-53be-4c36-b683-7d3bf3053de1,ff3f8131-121f-4e64-bf84-9131318668e0,retry_after_delay,2026-08-31 18:16:18.965077,success
4abb284e-15ce-4d69-a1e7-e9efc72d4d40,8689c2ab-e6b6-4b6c-bbfd-bb63df311fcd,use_another_payment_method,2026-08-31 14:16:18.965080,success
e804d9ea-64ae-415e-a643-a1004c3e08db,8689c2ab-e6b6-4b6c-bbfd-bb63df311fcd,retry_after_delay,2026-08-31 03:16:18.965080,failure
b89d1a75-7823-4206-94b3-49e43374e676,8689c2ab-e6b6-4b6c-bbfd-bb63df311fcd,retry_immediately,2026-08-30 04:16:18.965080,failure
73d3e71c-8af0-4c19-8b84-9aa67812dd9c,e7b76163-d47b-4b57-acf8-e1d2915924d3,send_payment_reminder,2026-08-30 15:16:18.965082,failure
f47eed25-035b-4ba0-a545-71378903fdd4,e7b76163-d47b-4b57-acf8-e1d2915924d3,retry_immediately,2026-09-01 18:16:18.965082,failure
162150d0-2f33-4460-b5fe-8822dd1fe41f,e7b76163-d47b-4b57-acf8-e1d2915924d3,send_payment_reminder,2026-08-31 02:16:18.965082,failure
f541413b-9e12-474f-a8f3-95ab0977314a,53d0ffa4-a4f5-497e-8d14-69176a1d6090,retry_immediately,2026-08-31 08:16:18.965085,failure
512ab534-5ed3-4c61-a39c-81ded513820c,53d0ffa4-a4f5-497e-8d14-69176a1d6090,retry_after_delay,2026-08-31 04:16:18.965085,success
23033b2a-0c53-4808-8673-578642a94103,53d0ffa4-a4f5-497e-8d14-69176a1d6090,send_payment_reminder,2026-08-30 03:16:18.965085,failure
c01f7eb0-4a63-4869-979e-ed37b2b8a98f,325620e7-d900-4d8e-a2bf-a854b97cbe32,retry_immediately,2026-08-31 01:16:18.965124,failure
fe9264a3-3261-4728-83f5-9400a6c40e2c,325620e7-d900-4d8e-a2bf-a854b97cbe32,send_payment_reminder,2026-08-30 05:16:18.965124,failure
c08466f6-2f94-4e1c-9f4d-d46a8ebf10bb,caeb2bcc-6fc1-4235-b78f-8c9d7357b5a9,retry_immediately,2026-08-30 02:16:18.965135,failure
5c434974-f6df-42a7-9e6c-4b1cfb1e6695,caeb2bcc-6fc1-4235-b78f-8c9d7357b5a9,use_another_payment_method,2026-08-31 11:16:18.965135,success
ae5c281e-21dc-487b-92bd-bc3d1821437f,caeb2bcc-6fc1-4235-b78f-8c9d7357b5a9,retry_immediately,2026-09-01 13:16:18.965135,failure
5cf2997b-802b-4d8a-af8e-37535065c398,5116dd04-5732-4744-bf42-12ebe4fd05a0,retry_immediately,2026-08-30 10:16:18.965139,failure
222e1752-8700-46af-9036-7db4fa0d658c,5116dd04-5732-4744-bf42-12ebe4fd05a0,retry_immediately,2026-09-01 00:16:18.965139,failure
73d83774-df8b-4322-8f57-f790e1346623,5116dd04-5732-4744-bf42-12ebe4fd05a0,use_another_payment_method,2026-09-01 07:16:18.965139,success
55b8cdc5-3b47-4bf8-bede-654144cc6a2d,47eec306-4daa-40e5-b894-5504f27ebe5c,retry_after_delay,2026-09-01 00:16:18.965142,failure
bde54d7a-8bdc-4063-9f9b-22f5b84f3df9,47eec306-4daa-40e5-b894-5504f27ebe5c,retry_immediately,2026-08-30 12:16:18.965142,failure
370bdc34-e40a-4651-96b0-098d3cc84365,47eec306-4daa-40e5-b894-5504f27ebe5c,send_payment_reminder,2026-08-30 07:16:18.965142,failure
2e2bf927-dfcc-45e7-93aa-5d93a7ab3138,6876b4de-6ad2-4295-899a-ca7a8ec72d78,retry_after_delay,2026-09-01 17:16:18.965178,success
c2aa0d66-bf7f-46fd-8358-d2aef13a9334,ac73f629-4f6a-4045-bddd-b7a91a78c857,use_another_payment_method,2026-08-31 19:16:18.965181,success
3fe200f7-8928-474c-9cd5-4a6290d8da56,f18c8201-1551-4113-90e4-da88a7b507f1,retry_after_delay,2026-08-31 19:16:18.965184,failure
fb570155-bf2d-4b16-98e7-642320284fe3,f18c8201-1551-4113-90e4-da88a7b507f1,retry_immediately,2026-08-31 20:16:18.965184,failure
7cad0635-a9e3-416d-be80-d3eb6f91af0c,4b4c8892-192e-40bf-ab31-408e4acd5a13,retry_after_delay,2026-09-01 16:16:18.965216,failure
461eed16-3a3c-461a-8b33-75906a479d1e,e85a0e97-ae46-4bee-99bb-ec915ec1f421,use_another_payment_method,2026-09-01 19:16:18.965220,failure
736aeb68-8ae3-46e2-8178-4d5458b1d6b0,e85a0e97-ae46-4bee-99bb-ec915ec1f421,retry_immediately,2026-09-01 20:16:18.965220,failure
a6740d85-b32d-43e1-b870-47eb2912123b,da529017-658b-44ac-8f94-5da9ccea4358,retry_after_delay,2026-08-31 03:16:18.965223,success
1c7f2528-7401-4d40-830b-03661c9e7f0a,da529017-658b-44ac-8f94-5da9ccea4358,retry_after_delay,2026-08-31 06:16:18.965223,failure
f26af72d-c65f-48d8-96b8-640dc5eec5c2,01ab1451-5b3f-44af-ac05-00e090f82362,use_another_payment_method,2026-08-31 10:16:18.965227,failure
2ef801e5-8a44-4a23-83a8-d8e676a1acc6,3aadf3dd-bcab-4223-a5ac-e23b5851c39e,use_another_payment_method,2026-09-01 09:16:18.965256,failure
7cd9672c-4168-4e5e-ba07-99df23cc39f3,3aadf3dd-bcab-4223-a5ac-e23b5851c39e,retry_immediately,2026-09-01 08:16:18.965256,failure
e8cb3417-0f4e-4fb7-ad14-d54fb7aec3ae,380d15e3-f8b4-4f29-8867-8ba0cab95ce7,send_payment_reminder,2026-08-31 13:16:18.965266,failure
b3b60496-9528-41b9-ad03-d6b47de9f4fc,380d15e3-f8b4-4f29-8867-8ba0cab95ce7,send_payment_reminder,2026-09-01 21:16:18.965266,success
5218cac6-f3b7-4f97-86d0-9e9cd91b9abc,c77774af-7a4e-46af-8347-0cf3298f47fe,use_another_payment_method,2026-08-30 12:16:18.965269,success
75bc711f-9d54-40e7-b98d-b7d5cc1a1685,c77774af-7a4e-46af-8347-0cf3298f47fe,retry_after_delay,2026-08-30 01:16:18.965269,failure
5866dea0-49b3-400e-93c2-0fcd1823850f,5fee95e7-391d-4665-8f1d-cd1f0dfdc73b,retry_immediately,2026-08-31 09:16:18.965273,failure
b67737e3-8fd8-48f0-bf04-3609d87c0caf,27e3aa5a-de7b-483e-9cde-280aa36c3ea6,use_another_payment_method,2026-08-31 12:16:18.965276,failure
10564eb2-51fc-485c-b2d7-4d56040a544b,4b7b27b2-5901-495f-ab55-60802fac7fcf,send_payment_reminder,2026-09-01 10:16:18.965301,failure
c8d1618b-1b57-4394-9672-95593848f6ad,4b7b27b2-5901-495f-ab55-60802fac7fcf,use_another_payment_method,2026-08-30 15:16:18.965301,failure
170271b7-8035-4d7e-b49d-c0234e535e58,4b7b27b2-5901-495f-ab55-60802fac7fcf,retry_immediately,2026-09-01 06:16:18.965301,success
212619db-6665-4712-938a-6c676fd73c01,7118b742-a24d-45e1-96d1-228b8a9689e7,retry_after_delay,2026-08-31 18:16:18.965305,failure
5e902894-514f-4b38-ad48-8f62fe928acd,7118b742-a24d-45e1-96d1-228b8a9689e7,retry_after_delay,2026-08-30 01:16:18.965305,failure
6cbf98a9-fe57-4df3-8d2d-86e7cdfd3a2e,da9ced8a-978e-4b7c-a0ba-2825476c926c,retry_immediately,2026-08-31 02:16:18.965307,failure
31cd7e62-7004-40d3-ab17-bc1b51eb8955,73e5b3fd-0d8c-4579-b036-6088847f3069,send_payment_reminder,2026-08-30 18:16:18.965310,failure
0114cbb4-dab6-4315-90d9-ac6ff8e90c25,0a3b9583-e520-456e-855f-41f931732806,send_payment_reminder,2026-08-31 14:16:18.965341,failure
e37575ba-65de-4b27-b65f-ba6a9969dabf,0a3b9583-e520-456e-855f-41f931732806,send_payment_reminder,2026-08-31 14:16:18.965341,failure
53d3fc15-3323-4887-bbb9-7ff15546acf0,0a3b9583-e520-456e-855f-41f931732806,retry_immediately,2026-09-01 00:16:18.965341,failure
1022c38d-71c3-45d2-a577-266872c1a67d,d4584022-0411-4900-a28f-d97485e046b1,retry_immediately,2026-09-01 08:16:18.965345,failure
78888904-d68f-4730-a457-21127ed22350,d4584022-0411-4900-a28f-d97485e046b1,use_another_payment_method,2026-08-31 19:16:18.965345,failure
1ff940b0-1541-407b-887f-984ea67ff74b,7ce42781-37f6-4de3-8466-892e40a3a496,send_payment_reminder,2026-08-31 02:16:18.965348,failure
a3027cfd-d7b1-4115-8029-226e08d9f495,5919cf15-99c4-4507-87a4-b1e6dbd4de07,retry_after_delay,2026-09-01 07:16:18.965374,failure
c49b5581-cf43-40a0-aff0-49a70190a843,b10a681b-3d01-495a-b181-10fc7f993d22,retry_after_delay,2026-08-30 20:16:18.965381,failure
04a78ad3-ceb0-4d78-b247-a2dfddc7bb7f,b10a681b-3d01-495a-b181-10fc7f993d22,retry_after_delay,2026-08-31 05:16:18.965381,failure
36d97597-ab99-4d4a-ac89-6c676acab87d,28f6868b-31b1-483a-86c1-9780894674f0,use_another_payment_method,2026-08-31 19:16:18.965384,failure
08b0d3d8-3bd1-41cb-b067-0af4c4dc7f3a,b5af05d0-d056-4a37-bbf8-345283d92d0c,retry_after_delay,2026-08-30 04:16:18.965387,failure
7ac4d00d-247a-4ed4-93bb-d91a0c61bcf4,b5af05d0-d056-4a37-bbf8-345283d92d0c,use_another_payment_method,2026-09-01 17:16:18.965387,success
566a4d19-08e6-4c56-bc65-9d238f2742f5,b5af05d0-d056-4a37-bbf8-345283d92d0c,send_payment_reminder,2026-09-01 07:16:18.965387,failure
437e4bae-395d-4518-8595-b6abc0caa6f4,ab945375-336d-41fd-9ebe-54e401ddb712,send_payment_reminder,2026-09-01 14:16:18.965390,failure
efb343bf-08b3-44e3-b35d-494f028bc1e1,7b02846f-df3f-43f3-bc4a-27f3fcd8865f,use_another_payment_method,2026-09-01 03:16:18.965393,failure
5dde0e5e-dcf6-4927-9add-74529d4d11d4,76176126-d1b2-4015-891c-bf1e263e5d38,retry_after_delay,2026-08-30 05:16:18.965425,success
17ff9867-7149-4784-b9e6-d82f36c21160,17afb7b0-b435-45ab-9f29-88e078d85c11,send_payment_reminder,2026-08-30 13:16:18.965428,failure
7099a51b-2116-47fd-8a24-757c4da6885c,89ccbd9e-c030-470b-a88c-5c6a026c777b,retry_immediately,2026-08-30 03:16:18.965439,success
17be4669-0689-4488-97f6-266f113c89a1,8e718f40-2bc0-4658-beda-57a40473b252,send_payment_reminder,2026-08-31 02:16:18.965446,failure
e47eb04c-8a70-4c90-b1bc-fa70f3fd2f7a,8e718f40-2bc0-4658-beda-57a40473b252,retry_immediately,2026-09-01 18:16:18.965446,success
71b1aaef-22dd-4f34-840e-0dca23896115,8e718f40-2bc0-4658-beda-57a40473b252,retry_after_delay,2026-09-01 20:16:18.965446,failure
eeb9466f-738e-445a-8f3d-d8cd7b0d80de,b6697625-1eb6-4041-9b80-f8ef4a730989,retry_after_delay,2026-08-31 14:16:18.965449,failure
74a61a63-0d62-4767-b67f-cddda60f0919,dfa9f9a2-4a2d-4378-95e0-0a5732b9b617,use_another_payment_method,2026-08-31 19:16:18.965465,failure
49111a52-60a0-497c-b8a6-e39754441d6e,ab52b033-03e0-44f6-b422-6b033b85f93b,retry_after_delay,2026-08-31 11:16:18.965470,success
1525a3f9-8482-43aa-9562-ee3201cef3a8,ab52b033-03e0-44f6-b422-6b033b85f93b,send_payment_reminder,2026-08-31 05:16:18.965470,success
f85cf4cb-1e0f-40a7-b265-90e1bfd5e45f,595cfe5d-49ec-4fdb-8fc1-74744f4c7c4e,send_payment_reminder,2026-08-31 21:16:18.965485,failure
ebc00acc-71c9-4607-872d-e4ed7a0bf339,3b254871-9a7a-40ab-b50f-0599133b4287,send_payment_reminder,2026-09-01 01:16:18.965488,success
7bbf140d-1926-47e2-8260-5e06b0d5ae01,3b254871-9a7a-40ab-b50f-0599133b4287,use_another_payment_method,2026-08-31 09:16:18.965488,success
d0e92455-7ac9-451b-9ed4-1596f28315aa,0347d42c-5696-4c4d-acef-d878a1ae0d62,use_another_payment_method,2026-08-31 11:16:18.965503,success
04733c60-4d1b-4372-9176-80c07bf04831,0347d42c-5696-4c4d-acef-d878a1ae0d62,retry_immediately,2026-09-01 10:16:18.965503,failure
f7290e82-5df0-470a-adcb-0b7c7442f5b8,fbc4b128-1f4e-403a-97c4-15c39a1c1f81,retry_immediately,2026-08-31 23:16:18.965506,success
61de0ea6-785d-4090-8d2e-75d6f749bdc9,2c00d8cc-534f-45a7-909f-77412bec52e4,send_payment_reminder,2026-09-01 02:16:18.965521,failure
aeaa2a5a-d2d5-4d42-ada3-4b677337a555,2c00d8cc-534f-45a7-909f-77412bec52e4,retry_after_delay,2026-09-01 08:16:18.965521,failure
cfbbf776-a60e-48c3-8c18-1ae9ef0270ad,22178d75-f421-495f-bc57-c7eb2e991b4b,retry_after_delay,2026-08-31 08:16:18.965524,failure
048ece81-5011-4d0a-b332-e8ebadd7943f,22178d75-f421-495f-bc57-c7eb2e991b4b,send_payment_reminder,2026-09-01 19:16:18.965524,failure
bc2c03df-ae45-4b65-92cc-f0be111bbdd8,e5d4692d-e847-42f7-aacf-0c816327134c,use_another_payment_method,2026-09-01 16:16:18.965527,failure
bee10f05-bb10-4513-87f0-7bcb3314da9d,d79ccdb3-dec1-412e-ae9d-cdbfc827f75d,retry_after_delay,2026-08-30 07:16:18.965530,success
cd4d12ac-723e-479a-a701-5a97905a2df6,900f6bd9-eedc-4ee7-9b9a-bcf48cb473b6,send_payment_reminder,2026-08-30 23:16:18.965555,failure
f92b542f-a901-41f4-a8fc-03413c788fd7,900f6bd9-eedc-4ee7-9b9a-bcf48cb473b6,retry_after_delay,2026-09-01 12:16:18.965555,failure
99e03cec-3e3e-403d-8b52-5319b16ee441,31c24ba3-4ea2-4279-ada4-ef297b940b7d,send_payment_reminder,2026-09-01 12:16:18.965558,failure
390a5773-6b1e-40f5-af1d-bf087ebdbcd1,a6534a25-a2b4-44e1-b308-7c73aaa92a03,retry_immediately,2026-09-01 08:16:18.965573,failure
a6a8ad94-6325-430f-8b23-d0830b23e654,049f9a12-6f75-4b77-b0df-c0ddac850de6,retry_after_delay,2026-08-30 16:16:18.965576,failure
8a1eb0e4-5947-48a8-ac7b-b7263e498f10,049f9a12-6f75-4b77-b0df-c0ddac850de6,retry_immediately,2026-08-31 22:16:18.965576,success
751dbb03-f8ee-4612-9dc9-d113b64f9262,77526c3e-29ea-447d-a446-e8f856430aa5,send_payment_reminder,2026-08-30 02:16:18.965579,failure
7b1e7b1f-f37b-4463-a435-32bfb61d0eab,2d101ddb-bdd0-4b10-902d-2df214b83309,send_payment_reminder,2026-08-30 23:16:18.965612,failure
c4fa2fb2-f581-42da-ad62-f77db2dbb121,42f65b63-52f9-4089-a558-3252a9edbfa8,retry_immediately,2026-08-31 11:16:18.965617,success
9cd35de7-a4cc-4d4e-b22c-af9f817128ef,42f65b63-52f9-4089-a558-3252a9edbfa8,retry_immediately,2026-09-01 02:16:18.965617,failure
25c39b15-7fbb-4979-828c-4ba2743aa31d,42f65b63-52f9-4089-a558-3252a9edbfa8,use_another_payment_method,2026-09-01 08:16:18.965617,failure
c0d05548-de45-47db-83d3-74437a45c9af,11f4f2db-55e4-4a2d-8f44-fc38bcdb52c6,send_payment_reminder,2026-08-30 20:16:18.965621,failure
ac58e213-2fe4-459f-914d-2a4cad07bf5d,11f4f2db-55e4-4a2d-8f44-fc38bcdb52c6,use_another_payment_method,2026-08-30 00:16:18.965621,success
fc6ce7dc-770d-47ea-942b-a4ff71f194bc,7d49ac75-268f-443c-a895-d03a2193aca0,retry_immediately,2026-08-30 01:16:18.965626,failure
72a435bc-8ed3-42a7-adc9-fc87236bb7d9,58d88f23-93a7-43ba-9eb9-004a5f6b3c31,retry_immediately,2026-08-31 01:16:18.965633,failure
80766733-36aa-435b-a2ab-05279802dac8,a652385c-a87b-45f1-860e-04716f20abb9,retry_after_delay,2026-09-01 03:16:18.965688,success
4c535305-2989-489f-8d04-6c740749ef0d,a652385c-a87b-45f1-860e-04716f20abb9,retry_after_delay,2026-08-30 11:16:18.965688,failure
8f3b9803-7291-4a31-a403-2c98b53a9b9c,c4101d6f-a233-4786-ac01-6445037a8955,use_another_payment_method,2026-08-30 14:16:18.965703,success
8ebc7f72-d3a5-4968-8475-51c4e6f909bb,c4101d6f-a233-4786-ac01-6445037a8955,retry_after_delay,2026-08-30 05:16:18.965703,failure
f02b8b0d-0f0e-43b4-ae1e-f0955e12ec44,40e5062f-884e-4a20-8114-823e55089f08,use_another_payment_method,2026-09-01 00:16:18.965706,success
a7185087-3487-4dc0-bea7-8716e8da78fd,40e5062f-884e-4a20-8114-823e55089f08,retry_immediately,2026-09-01 07:16:18.965706,failure
2f9be266-d982-4632-b2e5-969a1fb05ee5,40e5062f-884e-4a20-8114-823e55089f08,retry_after_delay,2026-08-31 04:16:18.965706,success
975841ac-ceca-43a6-b660-23ac709dcc44,af66120c-04f1-4977-8518-10c9eed1b7da,retry_immediately,2026-08-30 21:16:18.965710,failure
5c8f5125-7369-49f9-98cc-cd88d32c9243,af66120c-04f1-4977-8518-10c9eed1b7da,retry_immediately,2026-08-30 22:16:18.965710,failure
cd39ff75-a781-4a72-9ae8-fb4f36407db1,af66120c-04f1-4977-8518-10c9eed1b7da,send_payment_reminder,2026-09-01 01:16:18.965710,failure
93854187-d642-48e0-a4b2-f647051d66e0,0be474e7-e6fe-4620-b9b5-44c5617af5ea,retry_immediately,2026-08-31 02:16:18.965714,success
3afb03da-7e1a-448a-82f0-4f1e528f3919,ea65a2b5-4603-495b-a7a0-00ac2eff13c1,send_payment_reminder,2026-08-29 23:16:18.965760,failure
66f8a857-b9c0-4b2f-813c-1848c72f197a,9b129191-1390-4e84-9ed9-665c8eb458a2,retry_immediately,2026-08-29 23:16:18.965763,success
ca160c46-2ae7-4833-b0b9-a0c764123677,9b129191-1390-4e84-9ed9-665c8eb458a2,use_another_payment_method,2026-08-30 07:16:18.965763,success
13f4e980-c39e-457d-82ce-c3ec628d63bb,9b129191-1390-4e84-9ed9-665c8eb458a2,retry_immediately,2026-08-30 05:16:18.965763,failure
2ee7c9fa-6cfe-4ed3-9aeb-2b2183234437,9dbbf72d-4e48-4c10-8f9c-dd9285dd574a,use_another_payment_method,2026-08-31 12:16:18.965767,failure
f0a3db7e-6b81-4114-8b16-af42ab1f7507,a54e5202-af51-450b-8c32-e614deb27bfb,use_another_payment_method,2026-09-01 03:16:18.965771,failure
557ad104-0056-45d2-b396-f61d1687fc7d,a54e5202-af51-450b-8c32-e614deb27bfb,send_payment_reminder,2026-09-01 03:16:18.965771,success
d3ff80da-2055-440c-84f0-715146c375dd,a54e5202-af51-450b-8c32-e614deb27bfb,retry_after_delay,2026-09-01 16:16:18.965771,success
81f282b0-043f-4f92-9a2e-dceb9323e3b7,ac9fc71c-62c0-4cbe-9fe1-6caea3b11852,send_payment_reminder,2026-09-01 20:16:18.965775,failure
c272f13f-6205-42db-9b94-c9e9e37a5a74,074036a9-6351-4a2f-a7a0-1a0f860da9fd,retry_immediately,2026-08-31 18:16:18.965822,failure
797ad83a-16c3-438a-86d8-c72852bf2214,56abbdfd-ec48-45f3-9984-55fb347bd642,use_another_payment_method,2026-09-01 12:16:18.965832,success
2eae9027-0632-45f7-92c2-8a6bedb0d9da,31c90d60-0389-4ebe-93b8-77c54017e66a,use_another_payment_method,2026-08-31 16:16:18.965836,success
e29d40b3-8ab9-49b2-9624-2801214e3ada,8f420105-1f2d-43c4-9a40-a3f9928e969c,use_another_payment_method,2026-08-30 10:16:18.965852,success
00beff39-e1aa-49ca-a56b-92b3d5dadf4c,607b11c5-430b-4c2f-8fa7-9a2d569d2e7e,use_another_payment_method,2026-08-31 16:16:18.965855,success
4b1914cd-f8c0-4857-bc9f-ec0e06e41f2f,8405c706-6643-4f4b-af4f-be636cf1197e,retry_after_delay,2026-08-30 23:16:18.965870,success
4e7935d9-b1ab-4d87-b5ce-eaf418b16253,8405c706-6643-4f4b-af4f-be636cf1197e,use_another_payment_method,2026-08-30 21:16:18.965870,success
6d665e12-2fd6-4bce-8e98-b5cca213558f,e27760fe-5777-4f5f-b0b6-adac350d7f93,retry_after_delay,2026-08-31 18:16:18.965874,failure
abed0234-277c-435c-a7d8-744b7be1e942,f7baa087-c1cc-4c8f-ac77-7062f5328573,send_payment_reminder,2026-08-31 01:16:18.965878,failure
9b85514c-d889-4fa2-9232-038993190047,dbec03d3-32fe-470b-ad3f-c3969a1e09c5,retry_immediately,2026-08-31 05:16:18.965892,failure
e82c146b-48cf-4be1-81a8-cc57716ef797,dbec03d3-32fe-470b-ad3f-c3969a1e09c5,retry_immediately,2026-08-31 14:16:18.965892,failure
f48c124d-dcba-4c3c-bf18-4e08d5a3507d,16f9a1fb-8d0e-47cf-86e9-5a8b341ecc44,retry_after_delay,2026-08-30 09:16:18.965917,success
fed9491b-88e1-4f02-9583-2ea418b2f665,5427b78e-4a5e-43f5-8363-7dab568071f9,retry_after_delay,2026-09-01 02:16:18.965927,failure
537e7d9a-a325-4c36-a8a7-5ea664537c5e,b86011fe-5bef-47b9-9708-ac8fb0876277,retry_immediately,2026-08-30 02:16:18.965934,failure
460634bd-834f-42e8-9c23-db198dcd64ba,b86011fe-5bef-47b9-9708-ac8fb0876277,retry_immediately,2026-08-31 15:16:18.965934,success
659b9df5-c292-4456-b254-1fe177721d7d,2e204e6a-65fb-4cc5-92ff-68f08e8441eb,use_another_payment_method,2026-08-31 13:16:18.965945,success
de8b3856-cb21-4d05-b84e-e5cf8a4d68cc,2e204e6a-65fb-4cc5-92ff-68f08e8441eb,send_payment_reminder,2026-09-01 11:16:18.965945,success
c4e7b791-91e4-45bc-832b-6581a1ff25da,2e204e6a-65fb-4cc5-92ff-68f08e8441eb,retry_after_delay,2026-09-01 09:16:18.965945,failure
18b4b3a9-fa5d-4877-a3c4-ca2429759e41,d3052d8c-df95-483f-911f-4bb88aeddb01,send_payment_reminder,2026-09-01 16:16:18.965959,failure
355c9f28-f798-4443-a116-9f8e7871020b,d3052d8c-df95-483f-911f-4bb88aeddb01,retry_after_delay,2026-08-30 13:16:18.965959,success
2f709804-c6ad-4aef-bb9b-c9252a2420c2,d3052d8c-df95-483f-911f-4bb88aeddb01,retry_immediately,2026-08-31 21:16:18.965959,failure
349073bd-2492-409e-bfd5-8331af5e3aca,1716383a-070f-4801-bd99-282211413509,send_payment_reminder,2026-08-31 20:16:18.965974,success
a0a8762d-7066-4f59-b782-a6a28657639a,0b20f5ba-0347-4648-a401-d4bda88d65eb,use_another_payment_method,2026-08-31 02:16:18.965977,success
48aa6358-10b3-49cc-bba0-1e057033b0fb,67287f50-39a7-46ff-ada7-ab771cd0c076,send_payment_reminder,2026-08-31 13:16:18.965980,failure
2ae0cc37-f463-47c0-b04e-95538f51e5c3,67287f50-39a7-46ff-ada7-ab771cd0c076,retry_immediately,2026-08-31 06:16:18.965980,failure
23ffb0a7-67fe-4cf3-bc92-4f3ac87ea22d,67287f50-39a7-46ff-ada7-ab771cd0c076,retry_immediately,2026-08-31 14:16:18.965980,success
ee7b5cc8-ddf9-49a1-b242-459db1779855,cf4a3a1c-f6cc-4cd4-9ccc-c8e276a2056d,retry_immediately,2026-08-30 14:16:18.965983,success
ecd5d9af-f143-44e9-8ed9-01270af56dfd,2744943a-87e9-45fe-b75e-ec51cdc10892,retry_after_delay,2026-08-31 15:16:18.965986,success
135d4313-6d61-44c5-9238-5b0bbf1c3af9,2744943a-87e9-45fe-b75e-ec51cdc10892,retry_after_delay,2026-08-31 01:16:18.965986,failure
f767263d-e8ad-4aa6-8b66-858848e1de83,2744943a-87e9-45fe-b75e-ec51cdc10892,retry_after_delay,2026-08-30 18:16:18.965986,failure
270968fa-16b1-4b6f-8b1c-94c7309aaac8,ee4af67b-538b-4abc-bff6-f24146d4d9da,send_payment_reminder,2026-08-31 08:16:18.966022,failure
dc7a6309-8364-46d6-b8e3-dbb8ef5d2c4b,ee4af67b-538b-4abc-bff6-f24146d4d9da,use_another_payment_method,2026-09-01 04:16:18.966022,success
35b19162-ea40-4a8a-9411-33c15d2d62ed,e3f95a15-6b0e-4794-802e-ef4f125ef576,send_payment_reminder,2026-08-30 07:16:18.966024,failure
16c1c75c-df27-4cb2-a37c-02326c1356ab,2b1f9488-1f1f-489d-9ae0-b10ab54af0e2,retry_immediately,2026-08-30 09:16:18.966027,failure
e7a9988f-3eaf-4909-856a-d72e34805d8d,2b1f9488-1f1f-489d-9ae0-b10ab54af0e2,retry_after_delay,2026-09-01 04:16:18.966027,failure
b9adbaca-3691-4bbe-8998-99ab6b820d32,2b1f9488-1f1f-489d-9ae0-b10ab54af0e2,use_another_payment_method,2026-08-30 08:16:18.966027,success
7e8c8a1e-b923-4d6d-8493-3c52f7e396cc,700285bb-0929-478e-b0da-66920a4ba2ef,retry_after_delay,2026-09-01 14:16:18.966030,success
de4ca32a-8b74-4b3b-a446-e2a320383e2d,700285bb-0929-478e-b0da-66920a4ba2ef,retry_after_delay,2026-08-31 00:16:18.966030,failure
87707690-cb04-4d0a-84cc-3cd610a924f1,700285bb-0929-478e-b0da-66920a4ba2ef,retry_immediately,2026-09-01 02:16:18.966030,failure
bbd91ba5-59d8-4a37-9128-b02e03c8c753,74a18a46-321a-4244-afc7-ffa10ea1f4bc,retry_immediately,2026-08-29 22:16:18.966065,failure
19917c83-0f8d-44f4-8863-b0c39740d28f,64114c7c-fa98-4419-9179-96bccf78c115,retry_after_delay,2026-09-01 19:16:18.966068,failure
b6de7ec2-0624-4b55-b6de-ad968f9742e2,64114c7c-fa98-4419-9179-96bccf78c115,retry_after_delay,2026-09-01 01:16:18.966068,failure
0e0d583d-77ed-4f6d-8c32-cd4d2dbbd738,64114c7c-fa98-4419-9179-96bccf78c115,send_payment_reminder,2026-08-31 06:16:18.966068,failure
0c1fb3d1-0352-45b9-b99f-3136e0b1d518,80b149ba-f0df-456a-a37f-bcdd1b8826aa,retry_after_delay,2026-08-31 16:16:18.966085,failure
2699a0b3-845a-4319-a868-e3d56bf4c3fe,4036023c-228e-473c-b6f2-30c5ba5d5c99,retry_immediately,2026-08-30 10:16:18.966090,success
59254f4b-6ceb-410a-9818-c2894b3c2f8b,4036023c-228e-473c-b6f2-30c5ba5d5c99,retry_after_delay,2026-08-30 18:16:18.966090,failure
ccf900d2-7d06-4614-b164-64dddeeba238,4036023c-228e-473c-b6f2-30c5ba5d5c99,retry_after_delay,2026-08-30 12:16:18.966090,failure
17526173-8185-471d-a73e-899707ae0983,7f3e4338-ab88-48d2-8c37-7bfc8aeec9d6,send_payment_reminder,2026-08-30 06:16:18.966092,failure
48179baf-a2a5-497d-a897-df2b26c4b305,4442b5ec-ff9f-40f3-99ea-9499f7265d33,retry_immediately,2026-08-31 14:16:18.966095,failure
71f42e15-c1b9-4923-906a-b7770da0ff16,4442b5ec-ff9f-40f3-99ea-9499f7265d33,retry_after_delay,2026-09-01 00:16:18.966095,failure
22bfd42b-f5f3-422b-b602-59b924d38b3e,1329d97a-dd2c-4dac-b65a-9497d352aacc,retry_immediately,2026-08-30 05:16:18.966098,failure
f5c1d414-685c-4cff-84f0-42f1fa965122,3267575c-361b-45ee-b31e-f99a866478e8,send_payment_reminder,2026-08-31 14:16:18.966129,success
5c018de1-4e14-45ad-828f-d26f42458a04,3267575c-361b-45ee-b31e-f99a866478e8,use_another_payment_method,2026-08-30 20:16:18.966129,success
6cc7661f-8a11-498a-baf1-099f0f8c2d36,4716b531-e4f8-4b1e-9dc8-be49d3e6ab33,use_another_payment_method,2026-08-31 11:16:18.966132,success
819f2a49-06f8-49f4-8ffe-10919f60d566,4716b531-e4f8-4b1e-9dc8-be49d3e6ab33,retry_immediately,2026-08-31 12:16:18.966132,failure
4764f87f-8977-4d91-82b7-0130e612176c,7f1f7f75-008b-4c17-8db1-8556fd9474d6,retry_immediately,2026-08-31 03:16:18.966135,failure
bf5ab334-2468-4c6d-9347-4160c32a761d,7f1f7f75-008b-4c17-8db1-8556fd9474d6,send_payment_reminder,2026-09-01 15:16:18.966135,success
c666af9a-b361-45e5-aff5-f01e92af1a2d,7f1f7f75-008b-4c17-8db1-8556fd9474d6,retry_after_delay,2026-08-31 17:16:18.966135,success
7dc7409d-678c-485b-99ce-63f5d4cb8037,f01cfb47-1af9-4fd8-8410-28a10fa8acd0,use_another_payment_method,2026-09-01 09:16:18.966138,success
675f1d1e-b555-4659-84ec-c1d32c3a8961,f01cfb47-1af9-4fd8-8410-28a10fa8acd0,retry_after_delay,2026-08-30 05:16:18.966138,success
546cf15d-9bae-407b-9939-cb5ca5c83b07,f01cfb47-1af9-4fd8-8410-28a10fa8acd0,send_payment_reminder,2026-09-01 13:16:18.966138,success
2c0656a7-2fdc-4b43-9587-81c7b805313f,48b34aff-9131-411a-9ca9-213d99dc1824,send_payment_reminder,2026-08-30 19:16:18.966149,success
6e37493f-b638-465a-989c-b8e7a0bc4607,48b34aff-9131-411a-9ca9-213d99dc1824,retry_after_delay,2026-09-01 17:16:18.966149,failure
f52bfc6a-370c-4e78-9316-21bcecdbd2ac,48b34aff-9131-411a-9ca9-213d99dc1824,retry_immediately,2026-08-30 08:16:18.966149,failure
30c0d39d-2915-497c-a33c-01ac5c6d0423,0921d010-96f6-4597-b3f0-6f51512ba715,retry_immediately,2026-09-01 08:16:18.966203,failure
c720cdc5-4dea-48c9-917d-0cad3a2cd513,5492e5a0-8669-4c9e-963b-dd1bf3131a2a,send_payment_reminder,2026-09-01 10:16:18.966206,success
4abee303-8ec7-4001-843f-67a4f261694a,5492e5a0-8669-4c9e-963b-dd1bf3131a2a,retry_immediately,2026-08-30 03:16:18.966206,failure
035d6c8d-4664-4c60-b644-9566dc8f849e,5492e5a0-8669-4c9e-963b-dd1bf3131a2a,retry_after_delay,2026-09-01 11:16:18.966206,success
a8e586e3-7f1f-46be-9733-cbc46dfac625,f4538c2b-fb18-4f88-8339-1432c8126661,use_another_payment_method,2026-08-31 22:16:18.966209,success
50526fd8-4537-40ec-a3d6-eac64bb04039,f4538c2b-fb18-4f88-8339-1432c8126661,use_another_payment_method,2026-08-31 01:16:18.966209,success
a6fb9458-ecea-4ef8-a237-7307837e78d8,993d9ef3-d528-4be3-88d9-2741911d04ee,send_payment_reminder,2026-08-31 13:16:18.966212,success
ef9a32a4-ca0c-4264-aced-2ba6e6bf37ec,993d9ef3-d528-4be3-88d9-2741911d04ee,retry_immediately,2026-09-01 00:16:18.966212,failure
e68da92b-2216-4360-98a3-feff9263fcd2,2bae7534-ee27-4417-b5a0-47dcc75d2040,retry_immediately,2026-09-01 05:16:18.966244,failure
fae9abab-24d7-4b68-9d5a-626b882ce618,2bae7534-ee27-4417-b5a0-47dcc75d2040,use_another_payment_method,2026-08-30 15:16:18.966244,failure
d22bbe17-eb26-40df-9b14-1ba4e5ba1a20,2bae7534-ee27-4417-b5a0-47dcc75d2040,retry_after_delay,2026-09-01 10:16:18.966244,failure
913ba223-b5b7-49c7-a3b3-4875c474a61f,e8dafe59-f9fe-43e6-83a5-f797b86a5ca0,retry_immediately,2026-08-31 01:16:18.966247,success
789a0c3e-b0a9-4d06-87be-84cc68dd7bb5,e8dafe59-f9fe-43e6-83a5-f797b86a5ca0,retry_after_delay,2026-08-31 15:16:18.966247,success
1688d669-27f3-451c-b821-1bb45bd87f7a,e8dafe59-f9fe-43e6-83a5-f797b86a5ca0,send_payment_reminder,2026-08-31 08:16:18.966247,failure
19994c97-8f3e-435b-9445-0dc6a1a7b1b7,76729076-f457-4bee-95b8-c368c45ef4cd,retry_immediately,2026-09-01 00:16:18.966250,failure
f9ecacd6-a628-44a7-a043-77dfdccfbd08,76729076-f457-4bee-95b8-c368c45ef4cd,use_another_payment_method,2026-08-30 03:16:18.966250,success
f89f8326-173c-4e95-8151-11f1830f897b,76729076-f457-4bee-95b8-c368c45ef4cd,use_another_payment_method,2026-08-30 10:16:18.966250,success
cc55c2c3-4868-4e73-a4f5-b4e16066403f,699a13cd-95ff-44be-a9b6-26c28e1969c6,use_another_payment_method,2026-09-01 14:16:18.966252,success
19247931-3f3c-4632-9ac0-aea3510b3d88,699a13cd-95ff-44be-a9b6-26c28e1969c6,retry_after_delay,2026-08-31 02:16:18.966252,failure
06df4b83-f197-414c-b1ae-257e09cb8763,699a13cd-95ff-44be-a9b6-26c28e1969c6,retry_immediately,2026-08-30 14:16:18.966252,failure
80208365-b67c-4d20-be17-d634df072fff,46e34a58-9533-4b63-acf1-3bf36188db99,retry_immediately,2026-09-01 00:16:18.966299,failure
9f49c287-602d-4b4c-b255-ceae1fb1af91,3322e3ae-00d3-434d-bf64-d5192b5f1849,retry_after_delay,2026-08-30 09:16:18.966302,failure
e8c847ae-549e-4db5-9353-48d0f69cb227,3322e3ae-00d3-434d-bf64-d5192b5f1849,retry_after_delay,2026-08-31 20:16:18.966302,failure
4daa3d5b-a532-4272-94ff-c53d60df4fc0,48fa502f-e982-4061-8f66-256fca32e929,retry_immediately,2026-08-30 00:16:18.966305,success
784bf3e5-247d-4aa2-846c-df25e5b22276,735b2296-f466-41c2-bdc7-0519ec1b9655,use_another_payment_method,2026-08-31 03:16:18.966308,success
73c21a3f-7a65-4e58-be7c-a714f2d71cda,735b2296-f466-41c2-bdc7-0519ec1b9655,retry_immediately,2026-09-01 08:16:18.966308,failure
bdba003d-f450-48bf-8966-720381715917,735b2296-f466-41c2-bdc7-0519ec1b9655,retry_immediately,2026-08-31 11:16:18.966308,failure
2dcbc2bb-c0a8-4a8a-9498-d15adea93bc6,c21df19f-c82c-49a3-b7d8-3ac3deb91d4b,retry_after_delay,2026-08-31 01:16:18.966311,failure
f768eb8d-abb3-4002-9446-7b299742a157,fd732818-e6fc-4996-bc28-141540c56b76,send_payment_reminder,2026-08-29 22:16:18.966345,success
3fd302e1-c9af-4a5c-af67-0de6fd5f46b2,fd732818-e6fc-4996-bc28-141540c56b76,retry_after_delay,2026-08-30 10:16:18.966345,failure
d5de1389-24d9-4957-8eff-552fa9773a19,2b4fc642-c46b-4805-a0f4-176338d2e1ac,retry_immediately,2026-08-31 17:16:18.966348,failure
cc8aebef-b11a-4d13-9237-afa229031457,2b4fc642-c46b-4805-a0f4-176338d2e1ac,send_payment_reminder,2026-08-30 21:16:18.966348,success
c80a8de3-7c67-4040-b3ea-83cac2cafb2b,2b4fc642-c46b-4805-a0f4-176338d2e1ac,retry_immediately,2026-08-30 07:16:18.966348,failure
a3268036-a9c4-412f-96c4-83377a7ea497,033a21d4-0a5d-4415-bf6b-c17bd5c3c07d,retry_after_delay,2026-08-29 22:16:18.966351,failure
950b88c2-9a83-4e31-8869-bd2273e51236,033a21d4-0a5d-4415-bf6b-c17bd5c3c07d,use_another_payment_method,2026-08-31 08:16:18.966351,success
2c50278b-2032-4a23-af69-6fe9a57ddaff,033a21d4-0a5d-4415-bf6b-c17bd5c3c07d,retry_immediately,2026-08-30 19:16:18.966351,failure
6aa07415-77a7-444c-aa8b-e78e4ca41418,b76566e2-f927-4b59-9b89-efbc4bd436a9,retry_immediately,2026-08-31 22:16:18.966354,failure
0e8a6448-90d5-4253-bda5-e28ec3bcff4e,b76566e2-f927-4b59-9b89-efbc4bd436a9,use_another_payment_method,2026-09-01 17:16:18.966354,success
d166ae7f-2e77-49a3-87a0-3e625163376f,b76566e2-f927-4b59-9b89-efbc4bd436a9,use_another_payment_method,2026-08-31 05:16:18.966354,failure
f0190556-e6f3-40f6-acf8-dc385d39193f,b880c09c-1081-4dc7-ab76-710119f8a08b,use_another_payment_method,2026-08-31 19:16:18.966356,success
7bc49441-d60e-4bf7-be08-4fc7bc7da67e,5683c68e-cb9c-4cf5-b222-a4e12ad64733,retry_after_delay,2026-09-01 00:16:18.966403,success
8e2d1ce8-35bf-4277-9456-5dfdae5c27f5,5683c68e-cb9c-4cf5-b222-a4e12ad64733,retry_after_delay,2026-09-01 00:16:18.966403,failure
0d410bd0-c52b-439c-ab02-f164e8414dc2,fbb1030b-166d-4dd1-9ebc-4842ab050496,send_payment_reminder,2026-08-31 10:16:18.966406,failure
45045594-6d62-4314-87c0-3315cd2052c9,3726ff2d-5ea2-4fe6-a7f4-85dcf8575329,send_payment_reminder,2026-09-01 14:16:18.966408,failure
ddc951d4-5abd-4d5a-a40f-d4cf6813b50e,8d829b6d-723d-4bf8-91ef-70d3166ce7a0,retry_immediately,2026-08-30 02:16:18.966426,failure
9858cfbc-7c1a-4cc1-bb66-7d74a06612fc,8d829b6d-723d-4bf8-91ef-70d3166ce7a0,send_payment_reminder,2026-08-31 14:16:18.966426,success
972a3e3f-7417-4bdc-bb19-87633e99dcaf,99980755-d82f-4ced-8870-d8a1b47542ab,retry_after_delay,2026-08-30 11:16:18.966436,success
573dcf7a-262f-4018-86d8-f281cc584720,99980755-d82f-4ced-8870-d8a1b47542ab,retry_after_delay,2026-09-01 08:16:18.966436,success
12bf747a-2f2f-46be-a60f-17f3193efc6d,af3c7a22-a2f1-4ebe-b217-eae86dd095d7,retry_immediately,2026-09-01 10:16:18.966439,failure
70a5228c-c0b2-479f-80b8-da47d557a29c,af3c7a22-a2f1-4ebe-b217-eae86dd095d7,send_payment_reminder,2026-08-30 14:16:18.966439,failure
46529f72-f1fc-4ad6-adee-42b9fef54f69,af3c7a22-a2f1-4ebe-b217-eae86dd095d7,use_another_payment_method,2026-08-30 09:16:18.966439,failure
e043f2d3-b8c1-40cd-9dc0-ed93dfc1489e,2d4a2855-1caa-4152-a898-400877ecf2d8,send_payment_reminder,2026-08-30 06:16:18.966441,success
1d76f09e-b115-4269-9e75-2d5e88c5f5c8,2d4a2855-1caa-4152-a898-400877ecf2d8,send_payment_reminder,2026-08-30 21:16:18.966441,failure
ca5fc0a2-38bb-4412-a07b-bd43fea76227,2d4a2855-1caa-4152-a898-400877ecf2d8,retry_after_delay,2026-09-01 17:16:18.966441,failure
3daa851e-b9dd-4694-8fc7-e206dba224e1,5559865a-4a9d-471c-b672-f202a389ebc3,use_another_payment_method,2026-08-30 11:16:18.966473,success
6df739c4-b5a9-48a6-8ba8-ca06f11cdc2a,5559865a-4a9d-471c-b672-f202a389ebc3,retry_after_delay,2026-09-01 21:16:18.966473,failure
a2d90450-376f-4877-95bc-cd47d31ae0ec,3d4092bd-a1e0-46a2-94e4-995f5810f731,use_another_payment_method,2026-09-01 05:16:18.966485,success
54127a50-0d77-4280-9a24-39e652e13c2e,3d4092bd-a1e0-46a2-94e4-995f5810f731,use_another_payment_method,2026-08-31 21:16:18.966485,success
be5b541a-6ddf-4797-860a-f9706150f612,e2ab5be9-c22f-4c87-845d-54c600d5b2d1,retry_immediately,2026-09-01 14:16:18.966488,success
73caeb6e-efa8-4b2d-aca0-43b88feb9567,e2ab5be9-c22f-4c87-845d-54c600d5b2d1,send_payment_reminder,2026-08-30 13:16:18.966488,failure
b0534417-aeca-49b5-90bc-463bae711565,91818e3b-2a44-4dbe-af55-9169e5983ecd,retry_immediately,2026-08-30 20:16:18.966491,failure
712ec0a9-af11-4ecf-875a-78bed605244d,91818e3b-2a44-4dbe-af55-9169e5983ecd,retry_after_delay,2026-09-01 15:16:18.966491,success
ecae45e2-c095-4ae5-b003-da312cf7006a,a30dcfc8-e301-40b2-80f5-d62ac8380df8,send_payment_reminder,2026-08-30 15:16:18.966494,failure
26f44760-9a38-4e9b-8e66-d0242b9133fc,a30dcfc8-e301-40b2-80f5-d62ac8380df8,send_payment_reminder,2026-08-30 10:16:18.966494,success
a46fcf83-1368-48f2-b90b-135261eaa671,a30dcfc8-e301-40b2-80f5-d62ac8380df8,send_payment_reminder,2026-09-01 16:16:18.966494,success
01a177c1-aa2a-4460-8f18-c38cb7863b9a,0af6e811-7e45-43d2-b392-5e73c3012adf,retry_after_delay,2026-08-31 12:16:18.966527,success
07711f2c-f7b3-4836-8ca0-f077c959a608,0af6e811-7e45-43d2-b392-5e73c3012adf,retry_immediately,2026-08-30 17:16:18.966527,failure
6bd84fdf-3932-4a68-934e-d3c8a3fe8ad9,92268f7a-0dc4-42bf-ab8b-bb8599eb7d28,retry_immediately,2026-08-30 02:16:18.966530,failure
022652ca-bb4e-4463-a543-0e71b8a837a1,92268f7a-0dc4-42bf-ab8b-bb8599eb7d28,use_another_payment_method,2026-08-31 20:16:18.966530,success
b5d8c67c-7a41-4116-971b-4277ef95f176,b892c60b-923d-47ce-8bec-2340ed82d278,retry_immediately,2026-08-31 02:16:18.966533,success
5c3d0990-afce-4020-956e-8c47e1e43897,50bfbd70-c7ac-46fa-af67-b9ad0e19f85a,send_payment_reminder,2026-08-31 03:16:18.966536,failure
fcb49363-3200-4148-ac17-3426c6a9d08d,ca6807dc-c3a2-4274-b66d-e56651999e8f,use_another_payment_method,2026-08-30 14:16:18.966539,success
a032b7f1-3f7c-4381-84f4-41017754d2bc,9a8fba22-5e2e-4f3c-94f0-a352cbfc3de0,retry_immediately,2026-08-31 20:16:18.966566,failure
3a547cc2-1f7c-4fb1-b470-138ce24a822b,9a8fba22-5e2e-4f3c-94f0-a352cbfc3de0,retry_after_delay,2026-09-01 21:16:18.966566,failure
34191fec-bdb7-4a05-831f-0931be4e7deb,9f83762b-c4ae-40cf-87ed-e70dac0eea9b,retry_after_delay,2026-08-30 03:16:18.966569,success
2586891a-8626-40f5-91b9-2e3d0aea6ff1,9f83762b-c4ae-40cf-87ed-e70dac0eea9b,use_another_payment_method,2026-08-30 18:16:18.966569,success
df13f454-9b3c-4cfd-ad1c-e73c57c711e1,9f83762b-c4ae-40cf-87ed-e70dac0eea9b,retry_after_delay,2026-09-01 20:16:18.966569,failure
34856d31-a3b6-4822-8f88-273367ed219b,5ff7e783-8a76-4870-92aa-9a68379dfe97,retry_after_delay,2026-08-31 04:16:18.966572,failure
dce60a4f-d217-447f-9921-b539f325e0d2,5ff7e783-8a76-4870-92aa-9a68379dfe97,retry_immediately,2026-08-31 11:16:18.966572,failure
a052e116-762d-47e4-8c4a-abe7f9c1d372,5ff7e783-8a76-4870-92aa-9a68379dfe97,send_payment_reminder,2026-08-31 02:16:18.966572,failure
e208f7b3-c6f2-459d-a666-b7a4ee5ed088,0511da0a-56e3-4905-885b-e9433d42a2eb,retry_after_delay,2026-09-01 01:16:18.966575,failure
6b6a5ab9-6d92-4862-af9a-404af435783c,0511da0a-56e3-4905-885b-e9433d42a2eb,retry_immediately,2026-09-01 09:16:18.966575,failure
ac058fff-1493-48e7-8cfb-422166e1357c,0511da0a-56e3-4905-885b-e9433d42a2eb,send_payment_reminder,2026-09-01 13:16:18.966575,success
59178623-bada-4da8-81c2-f4c2636a4fb4,41308f32-9c84-4689-9b3e-c8a707618ff1,retry_immediately,2026-09-01 05:16:18.966616,success
0fb1804e-124f-4e9d-94ca-0d28c53df5db,41308f32-9c84-4689-9b3e-c8a707618ff1,send_payment_reminder,2026-08-31 16:16:18.966616,failure
89929223-a63f-4c37-bb60-63e62ae6510e,c5f5d97e-0d37-4a5e-bd9a-c22075cca835,retry_immediately,2026-08-31 05:16:18.966619,failure
294e7c50-5fb7-49f6-a409-2369d6c5da5f,c5f5d97e-0d37-4a5e-bd9a-c22075cca835,use_another_payment_method,2026-09-01 12:16:18.966619,failure
360de245-9d32-40da-a92a-0a8d4dbabfa4,d1bd66c7-84df-4399-b12b-9947e3eed8a0,send_payment_reminder,2026-08-31 02:16:18.966623,failure
d9680cdd-5f13-40d2-aecf-372d862c8592,d1bd66c7-84df-4399-b12b-9947e3eed8a0,send_payment_reminder,2026-08-31 03:16:18.966623,failure
12a0cad7-592c-447d-b6c1-a372cf748a4d,d1bd66c7-84df-4399-b12b-9947e3eed8a0,retry_immediately,2026-09-01 19:16:18.966623,failure
5fdc6024-9057-4abb-8334-8c45c0ed51d1,6f2cf4cd-0ae4-4d07-b309-c49a0321e0a5,retry_immediately,2026-08-30 23:16:18.966626,success
65c2f356-789b-4817-af1d-b5e022c9c753,6f2cf4cd-0ae4-4d07-b309-c49a0321e0a5,use_another_payment_method,2026-08-31 19:16:18.966626,failure
2972cdb0-1e38-408d-87c3-b8fa3d4f178a,19f3f249-9fc4-4417-9e2b-fdbfe56acd4c,send_payment_reminder,2026-09-01 03:16:18.966660,failure
067b8c2b-3b58-427b-975c-2c0d95adee54,19f3f249-9fc4-4417-9e2b-fdbfe56acd4c,send_payment_reminder,2026-09-01 12:16:18.966660,failure
22b12f65-8a94-43da-b3f3-4916eefad5a1,19f3f249-9fc4-4417-9e2b-fdbfe56acd4c,retry_after_delay,2026-08-30 19:16:18.966660,failure
86296b89-f976-4c0d-a230-2b71f88de7a1,6842b91b-1669-4ee3-ba62-94fca3d97115,send_payment_reminder,2026-09-01 18:16:18.966674,failure
79300543-0ac0-4575-af61-07f9fd9018b4,e7cb1267-993e-4085-b3a1-e35fa0b1898d,retry_immediately,2026-08-31 10:16:18.966681,failure
81640ca8-940e-441b-9131-0a9b6efbf426,1506c78b-e89f-493d-8496-e8ae7065a1cc,use_another_payment_method,2026-08-31 14:16:18.966684,failure
368731bd-eea4-47ba-97ef-c1a5f83fe151,1506c78b-e89f-493d-8496-e8ae7065a1cc,use_another_payment_method,2026-08-31 22:16:18.966684,failure
bab259a2-3893-4329-bd41-15704669c80b,4a642ae1-d534-4a86-b98d-819538691996,retry_immediately,2026-09-01 00:16:18.966686,failure
00c1937b-61f4-4b9e-bf15-96f2b4752524,4a642ae1-d534-4a86-b98d-819538691996,retry_immediately,2026-08-31 09:16:18.966686,success
85b3a1d1-8e66-4ccd-9524-3d7075ea69ba,4a642ae1-d534-4a86-b98d-819538691996,send_payment_reminder,2026-09-01 03:16:18.966686,failure
48a0ec55-12bf-40ca-89ee-9bcd12cd9e94,8b612994-5b2f-4c8a-abe4-9e97c1ebf648,send_payment_reminder,2026-08-31 11:16:18.966689,success
82b58642-4208-4c4b-a3fa-e9e21d6b7583,153dd74b-fb5e-40e9-ad8a-0f70dac962fa,send_payment_reminder,2026-08-31 20:16:18.966692,failure
d175e73d-d4bf-4f35-be0f-77ec472509ab,2b518ab8-4a2f-4c3d-9fb5-3940d240de1e,retry_after_delay,2026-09-01 14:16:18.966724,failure
d5410d8e-bc65-463a-bf07-2d08cba3f73e,2b518ab8-4a2f-4c3d-9fb5-3940d240de1e,retry_immediately,2026-08-30 03:16:18.966724,failure
017265cb-deb6-4c9a-9f52-aead3a68c262,2b518ab8-4a2f-4c3d-9fb5-3940d240de1e,retry_after_delay,2026-08-30 17:16:18.966724,failure
205c8694-48a8-4e42-a774-dadaa3fb1deb,57253ad8-32e7-404a-860e-c813fc1bcd26,retry_after_delay,2026-08-31 06:16:18.966738,success
4070ab53-e9a1-4799-ae87-4addce753b21,ccee3518-14cf-4a89-abf3-a3bf92dc9079,retry_after_delay,2026-08-31 07:16:18.966741,failure
2e214785-b18c-4335-aa67-993eac48dbec,ccee3518-14cf-4a89-abf3-a3bf92dc9079,retry_immediately,2026-08-30 02:16:18.966741,success
c68ac018-ce58-487f-80bb-75da10b20e75,ccee3518-14cf-4a89-abf3-a3bf92dc9079,retry_after_delay,2026-08-30 17:16:18.966741,failure
8213c206-a950-44c0-ad41-c5c078719afd,756189ed-86af-4504-91b8-852fee1347a8,retry_after_delay,2026-09-01 17:16:18.966762,failure
b8bcaab7-cebd-4e21-b2eb-caaa50daa26a,756189ed-86af-4504-91b8-852fee1347a8,send_payment_reminder,2026-08-31 10:16:18.966762,failure
19a0903c-a5d6-4008-80e5-4b93981966e7,04fc24bb-79c2-4745-a570-816794a4a92b,send_payment_reminder,2026-08-30 02:16:18.966764,failure
329fcb06-b62b-44d7-bbe4-ab61e77f098c,bfc2c82a-4415-4620-9595-a15fdbb97b36,retry_after_delay,2026-08-31 21:16:18.966767,failure
1110fe82-c682-4750-8a21-12d6ad3bc51a,bfc2c82a-4415-4620-9595-a15fdbb97b36,retry_after_delay,2026-09-01 02:16:18.966767,success
ff4e48a9-00af-4c49-88ba-dbed2ecd0cbd,9dd665d5-2152-4892-8d65-bb381c34b0f5,send_payment_reminder,2026-08-30 14:16:18.966770,failure
67e883cd-bef1-4236-b8a2-e2c64a275908,9dd665d5-2152-4892-8d65-bb381c34b0f5,use_another_payment_method,2026-08-31 15:16:18.966770,failure
d7d2e3e4-8efc-4658-8899-f0f0c95f8ce9,9dd665d5-2152-4892-8d65-bb381c34b0f5,retry_immediately,2026-08-30 02:16:18.966770,success
